market,ticker,trade_date,open,high,low,close,volume
KOSPI,000660,2026-04-07,917000.0000,933000.0000,888000.0000,916000.0000,3619929
KOSPI,000660,2026-04-08,1007000.0000,1056000.0000,992000.0000,1033000.0000,6709356
KOSPI,000660,2026-04-09,1015000.0000,1025000.0000,990000.0000,998000.0000,5026817
KOSPI,000660,2026-04-10,1030000.0000,1042000.0000,1024000.0000,1027000.0000,3134921
KOSPI,000660,2026-04-13,999000.0000,1043000.0000,996000.0000,1040000.0000,2769753
KOSPI,000660,2026-04-14,1092000.0000,1128000.0000,1078000.0000,1103000.0000,4754545
KOSPI,000660,2026-04-15,1165000.0000,1173000.0000,1130000.0000,1136000.0000,4093703
KOSPI,000660,2026-04-16,1141000.0000,1161000.0000,1130000.0000,1155000.0000,2901319
KOSPI,000660,2026-04-17,1149000.0000,1155000.0000,1121000.0000,1128000.0000,3578235
KOSPI,000660,2026-04-20,1148000.0000,1175000.0000,1141000.0000,1166000.0000,3748014
KOSPI,000660,2026-04-21,1196000.0000,1228000.0000,1193000.0000,1224000.0000,3516960
KOSPI,000660,2026-04-22,1227000.0000,1233000.0000,1195000.0000,1223000.0000,2894919
KOSPI,000660,2026-04-23,1220000.0000,1267000.0000,1183000.0000,1225000.0000,5343871
KOSPI,000660,2026-04-24,1237000.0000,1242000.0000,1193000.0000,1222000.0000,3127857
KOSPI,000660,2026-04-27,1253000.0000,1317000.0000,1249000.0000,1292000.0000,4563073
KOSPI,000660,2026-04-28,1313000.0000,1328000.0000,1296000.0000,1300000.0000,3002713
KOSPI,000660,2026-04-29,1284000.0000,1317000.0000,1281000.0000,1293000.0000,3001208
KOSPI,000660,2026-04-30,1312000.0000,1325000.0000,1286000.0000,1286000.0000,3342342
KOSPI,000660,2026-05-04,1339000.0000,1450000.0000,1333000.0000,1447000.0000,5776641
KOSPI,000660,2026-05-06,1590000.0000,1614000.0000,1557000.0000,1601000.0000,6631934
KOSPI,000660,2026-05-07,1622000.0000,1665000.0000,1567000.0000,1654000.0000,5860618
KOSPI,000660,2026-05-08,1591000.0000,1689000.0000,1591000.0000,1686000.0000,4278087
KOSPI,000660,2026-05-11,1833000.0000,1949000.0000,1826000.0000,1880000.0000,7433039
KOSPI,000660,2026-05-12,1944000.0000,1967000.0000,1804000.0000,1835000.0000,9160593
KOSPI,000660,2026-05-13,1781000.0000,1990000.0000,1781000.0000,1976000.0000,7126921
KOSPI,000660,2026-05-14,1976000.0000,1994000.0000,1937000.0000,1970000.0000,6040068
KOSPI,000660,2026-05-15,1950000.0000,1995000.0000,1789000.0000,1819000.0000,7485233
KOSPI,000660,2026-05-18,1780000.0000,1897000.0000,1731000.0000,1840000.0000,6481608
KOSPI,000660,2026-05-19,1791000.0000,1823000.0000,1740000.0000,1745000.0000,4575855
KOSPI,000660,2026-05-20,1743000.0000,1778000.0000,1690000.0000,1745000.0000,5535123
KOSPI,000660,2026-05-21,1801000.0000,1954000.0000,1796000.0000,1940000.0000,5096690
KOSPI,000660,2026-05-22,1942000.0000,1952000.0000,1912000.0000,1941000.0000,3135190
KOSPI,000660,2026-05-26,2008000.0000,2087000.0000,2006000.0000,2052000.0000,4903591
KOSPI,000660,2026-05-27,2279000.0000,2358000.0000,2200000.0000,2243000.0000,7545783
KOSPI,000660,2026-05-28,2189000.0000,2305000.0000,2151000.0000,2289000.0000,6229499
KOSPI,000660,2026-05-29,2352000.0000,2379000.0000,2290500.0000,2333000.0000,8518013
KOSPI,000660,2026-06-01,2299000.0000,2398000.0000,2296000.0000,2363000.0000,5602897
KOSPI,000660,2026-06-02,2376000.0000,2407000.0000,2259000.0000,2360000.0000,5837216
KOSPI,000660,2026-06-04,2284000.0000,2327000.0000,2262000.0000,2298000.0000,3941067
KOSPI,000660,2026-06-05,2142000.0000,2188000.0000,2070000.0000,2070000.0000,5778751
KOSPI,000660,2026-06-08,1856000.0000,2072000.0000,1855000.0000,1911000.0000,6610833
KOSPI,000660,2026-06-09,2050000.0000,2226000.0000,1998000.0000,2215000.0000,5878039
KOSPI,000660,2026-06-10,2137000.0000,2180000.0000,1992000.0000,2048000.0000,4928269
KOSPI,000660,2026-06-11,1975000.0000,2163000.0000,1960000.0000,2101000.0000,6625775
KOSPI,000660,2026-06-12,2281000.0000,2304000.0000,2150000.0000,2150000.0000,5286416
KOSPI,000660,2026-06-15,2283000.0000,2322000.0000,2265000.0000,2288000.0000,3872910
KOSPI,000660,2026-06-16,2381000.0000,2400000.0000,2286000.0000,2382000.0000,3644469
KOSPI,000660,2026-06-17,2335000.0000,2523000.0000,2334000.0000,2521000.0000,3980010
KOSPI,000660,2026-06-18,2556000.0000,2738000.0000,2556000.0000,2685000.0000,5808765
KOSPI,000660,2026-06-19,2824000.0000,2891000.0000,2688000.0000,2764000.0000,7478195
KOSPI,000660,2026-06-22,2728000.0000,2945000.0000,2728000.0000,2919000.0000,5179795
KOSPI,000660,2026-06-23,2898000.0000,2943000.0000,2536000.0000,2555000.0000,8050335
KOSPI,000660,2026-06-24,2598000.0000,2703000.0000,2453000.0000,2580000.0000,7487916
KOSPI,000660,2026-06-25,2865000.0000,2987000.0000,2749000.0000,2917000.0000,6790853
KOSPI,000660,2026-06-26,2850000.0000,2880000.0000,2600000.0000,2673000.0000,7467492
KOSPI,000660,2026-06-29,2636000.0000,2688000.0000,2517000.0000,2628000.0000,5217788
KOSPI,000660,2026-06-30,2608000.0000,2742000.0000,2541000.0000,2650000.0000,5109213
KOSPI,000660,2026-07-01,2665000.0000,2723000.0000,2502000.0000,2560000.0000,4277276
KOSPI,000660,2026-07-02,2351000.0000,2448000.0000,2187000.0000,2187000.0000,7685914
KOSPI,000660,2026-07-03,2197000.0000,2454000.0000,2045000.0000,2425000.0000,7984914
KOSPI,000660,2026-07-06,2450000.0000,2497000.0000,2292000.0000,2343000.0000,4235360
KOSPI,000660,2026-07-07,2289000.0000,2343000.0000,2080000.0000,2201000.0000,6351195
KOSPI,000660,2026-07-08,2118000.0000,2329000.0000,2076000.0000,2076000.0000,6975631
KOSPI,000660,2026-07-09,2228000.0000,2270000.0000,2091000.0000,2186000.0000,6261504
KOSPI,000660,2026-07-10,2296000.0000,2305000.0000,2166000.0000,2180000.0000,4827239
KOSPI,000660,2026-07-13,2113000.0000,2142000.0000,1839000.0000,1845000.0000,8040043
KOSPI,000660,2026-07-14,1825000.0000,1936000.0000,1678000.0000,1913000.0000,10447011
KOSPI,000660,2026-07-15,2120000.0000,2171000.0000,2070000.0000,2082000.0000,6046951
KOSPI,000660,2026-07-16,1902000.0000,1919000.0000,1821000.0000,1842000.0000,5608812
KOSPI,000660,2026-07-20,1745000.0000,1892000.0000,1735000.0000,1764000.0000,5876444
KOSPI,000660,2026-07-21,1775000.0000,1889000.0000,1732000.0000,1836000.0000,4639208
KOSPI,000660,2026-07-22,1977000.0000,2006000.0000,1830000.0000,1830000.0000,4802637
KOSPI,000660,2026-07-23,1910000.0000,1948000.0000,1845000.0000,1919000.0000,4119477
KOSPI,000660,2026-07-24,1894000.0000,1894000.0000,1752000.0000,1759000.0000,4935624
KOSPI,000660,2026-07-27,1814000.0000,1821000.0000,1707000.0000,1816000.0000,4030933
KOSPI,000660,2026-07-28,1662000.0000,1674000.0000,1550000.0000,1550000.0000,8120587
KOSPI,000660,2026-07-29,1567000.0000,1619000.0000,1246000.0000,1401000.0000,12428883
KOSPI,000660,2026-07-30,1361000.0000,1459000.0000,1287000.0000,1322000.0000,9543189
KOSPI,000660,2026-07-31,1697000.0000,1718000.0000,1586000.0000,1718000.0000,10499619
KOSPI,000660,2026-08-03,1642000.0000,1645000.0000,1562000.0000,1567000.0000,5432833
KOSPI,000660,2026-08-04,1620000.0000,1630000.0000,1483000.0000,1577000.0000,5391210
KOSPI,000660,2026-08-05,1693000.0000,1701000.0000,1647000.0000,1668000.0000,3945674
KOSPI,000660,2026-08-06,1600000.0000,1606000.0000,1481000.0000,1495000.0000,5498295
KOSPI,000660,2026-08-07,1521000.0000,1542000.0000,1409000.0000,1422000.0000,5002539
KOSPI,000660,2026-08-10,1443000.0000,1487000.0000,1397000.0000,1420000.0000,3295283
KOSPI,000660,2026-08-11,1405000.0000,1455000.0000,1373000.0000,1425000.0000,3817655
KOSPI,000660,2026-08-12,1456000.0000,1549000.0000,1440000.0000,1504000.0000,4566672
KOSPI,000660,2026-08-13,1582000.0000,1634000.0000,1567000.0000,1593000.0000,4680347
KOSPI,000660,2026-08-14,1695000.0000,1697000.0000,1626000.0000,1645000.0000,4520990
KOSPI,000660,2026-08-18,1736000.0000,1792000.0000,1640000.0000,1662000.0000,5139000
KOSPI,000660,2026-08-19,1545000.0000,1559000.0000,1486000.0000,1500000.0000,4223067
KOSPI,000660,2026-08-20,1613000.0000,1720000.0000,1576000.0000,1691000.0000,5452970
KOSPI,000660,2026-08-21,1675000.0000,1773000.0000,1669000.0000,1730000.0000,4274294
KOSPI,000660,2026-08-24,1775000.0000,1792000.0000,1670000.0000,1671000.0000,3994599
KOSPI,000660,2026-08-25,1598000.0000,1687000.0000,1557000.0000,1678000.0000,4029660
KOSPI,000660,2026-08-26,1668000.0000,1735000.0000,1662000.0000,1688000.0000,2923810
KOSPI,000660,2026-08-27,1776000.0000,1788000.0000,1708000.0000,1730000.0000,3264042
KOSPI,000660,2026-08-28,1704000.0000,1725000.0000,1653000.0000,1653000.0000,3531892
KOSPI,000660,2026-08-31,1596000.0000,1674000.0000,1577000.0000,1674000.0000,3980661
KOSPI,000660,2026-09-01,1666000.0000,1713000.0000,1652000.0000,1693000.0000,2727724
KOSPI,000660,2026-09-02,1630000.0000,1661000.0000,1612000.0000,1613000.0000,2568478
KOSPI,000660,2026-09-03,1643000.0000,1649000.0000,1558000.0000,1596000.0000,2632758
KOSPI,000660,2026-09-04,1620000.0000,1683000.0000,1620000.0000,1647000.0000,2827892
KOSPI,000660,2026-09-07,1737000.0000,1783000.0000,1733000.0000,1783000.0000,3480094
KOSPI,000660,2026-09-08,1799000.0000,1889000.0000,1777000.0000,1793000.0000,4164618
KOSPI,000660,2026-09-09,1795000.0000,1883000.0000,1795000.0000,1856000.0000,3526484
KOSPI,000660,2026-09-10,1879000.0000,1890000.0000,1811000.0000,1853000.0000,4483585
KOSPI,000660,2026-09-11,1773000.0000,1827000.0000,1768000.0000,1812000.0000,2625165
KOSPI,000660,2026-09-14,1707000.0000,1740000.0000,1678000.0000,1683000.0000,4001549
KOSPI,000660,2026-09-15,1690000.0000,1729000.0000,1671000.0000,1712000.0000,2732031
KOSPI,000660,2026-09-16,1686000.0000,1760000.0000,1686000.0000,1757000.0000,2857754
KOSPI,000660,2026-09-17,1770000.0000,1785000.0000,1735000.0000,1766000.0000,2803398
KOSPI,000660,2026-09-18,1810000.0000,1857000.0000,1805000.0000,1849000.0000,4764077
KOSPI,000660,2026-09-21,1872000.0000,1888000.0000,1847000.0000,1879000.0000,2755380
KOSPI,000660,2026-09-22,1909000.0000,1935000.0000,1807000.0000,1841000.0000,3271767
KOSPI,000660,2026-09-23,1899000.0000,1900000.0000,1836000.0000,1863000.0000,2947714
KOSPI,000660,2026-09-28,1825000.0000,1840000.0000,1755000.0000,1761000.0000,3302748
KOSPI,000660,2026-09-29,1755000.0000,1790000.0000,1736000.0000,1790000.0000,2939411
KOSPI,000660,2026-09-30,1789000.0000,1824000.0000,1773000.0000,1783000.0000,3280459
KOSPI,000660,2026-10-01,1762000.0000,1833000.0000,1749000.0000,1828000.0000,2205296
KOSPI,000660,2026-10-02,1830000.0000,1855000.0000,1825000.0000,1842000.0000,2032332
KOSPI,000660,2026-10-06,1835000.0000,1837000.0000,1771000.0000,1784000.0000,2726173
KOSPI,005930,2026-04-07,202000.0000,202500.0000,192400.0000,196500.0000,30848053
KOSPI,005930,2026-04-08,214000.0000,214500.0000,207500.0000,210500.0000,35890973
KOSPI,005930,2026-04-09,207000.0000,207500.0000,202000.0000,204000.0000,42320839
KOSPI,005930,2026-04-10,208500.0000,211000.0000,205500.0000,206000.0000,18244459
KOSPI,005930,2026-04-13,198200.0000,203000.0000,198200.0000,201000.0000,19603415
KOSPI,005930,2026-04-14,208000.0000,210000.0000,205500.0000,206500.0000,23672078
KOSPI,005930,2026-04-15,215000.0000,215500.0000,210000.0000,211000.0000,24092884
KOSPI,005930,2026-04-16,212000.0000,218000.0000,210500.0000,217500.0000,21499788
KOSPI,005930,2026-04-17,217000.0000,218000.0000,215000.0000,216000.0000,18079322
KOSPI,005930,2026-04-20,214500.0000,219000.0000,213000.0000,214500.0000,17107741
KOSPI,005930,2026-04-21,218000.0000,220000.0000,216000.0000,219000.0000,16752132
KOSPI,005930,2026-04-22,218500.0000,222500.0000,215500.0000,217500.0000,16823480
KOSPI,005930,2026-04-23,223000.0000,229500.0000,216000.0000,224500.0000,34525485
KOSPI,005930,2026-04-24,224000.0000,225000.0000,216500.0000,219500.0000,19626666
KOSPI,005930,2026-04-27,220000.0000,226000.0000,218500.0000,224500.0000,22870374
KOSPI,005930,2026-04-28,224000.0000,226000.0000,221500.0000,222000.0000,18444490
KOSPI,005930,2026-04-29,219500.0000,228000.0000,218500.0000,226000.0000,20363756
KOSPI,005930,2026-04-30,229000.0000,230000.0000,220500.0000,220500.0000,22161975
KOSPI,005930,2026-05-04,228000.0000,232500.0000,224000.0000,232500.0000,32920816
KOSPI,005930,2026-05-06,254000.0000,270000.0000,251000.0000,266000.0000,53097996
KOSPI,005930,2026-05-07,272000.0000,277000.0000,260000.0000,271500.0000,41404687
KOSPI,005930,2026-05-08,260000.0000,270000.0000,260000.0000,268500.0000,25875880
KOSPI,005930,2026-05-11,284500.0000,288500.0000,280000.0000,285500.0000,36031094
KOSPI,005930,2026-05-12,290000.0000,291500.0000,266000.0000,279000.0000,41211149
KOSPI,005930,2026-05-13,264000.0000,285500.0000,262000.0000,284000.0000,35540134
KOSPI,005930,2026-05-14,282000.0000,299500.0000,282000.0000,296000.0000,39314752
KOSPI,005930,2026-05-15,291000.0000,296500.0000,266000.0000,270500.0000,38075487
KOSPI,005930,2026-05-18,269500.0000,288500.0000,262000.0000,281000.0000,33555214
KOSPI,005930,2026-05-19,274000.0000,281500.0000,266000.0000,275500.0000,30767569
KOSPI,005930,2026-05-20,278000.0000,282500.0000,263500.0000,276000.0000,35662077
KOSPI,005930,2026-05-21,291000.0000,299500.0000,287000.0000,299500.0000,36168689
KOSPI,005930,2026-05-22,300000.0000,300500.0000,292000.0000,292500.0000,18395274
KOSPI,005930,2026-05-26,298000.0000,302000.0000,297500.0000,299000.0000,23441371
KOSPI,005930,2026-05-27,321500.0000,323000.0000,306000.0000,307000.0000,33916688
KOSPI,005930,2026-05-28,305000.0000,306500.0000,287500.0000,299500.0000,30195334
KOSPI,005930,2026-05-29,309500.0000,319000.0000,305500.0000,317000.0000,37241537
KOSPI,005930,2026-06-01,319500.0000,354500.0000,319500.0000,349000.0000,45052488
KOSPI,005930,2026-06-02,360500.0000,370000.0000,342000.0000,360500.0000,44720282
KOSPI,005930,2026-06-04,349000.0000,366000.0000,348000.0000,351500.0000,34771037
KOSPI,005930,2026-06-05,333500.0000,343000.0000,325000.0000,329000.0000,33725012
KOSPI,005930,2026-06-08,293000.0000,315500.0000,292500.0000,295500.0000,38929682
KOSPI,005930,2026-06-09,310000.0000,324000.0000,300000.0000,322000.0000,30124249
KOSPI,005930,2026-06-10,311000.0000,314500.0000,295250.0000,302500.0000,27050362
KOSPI,005930,2026-06-11,290500.0000,306500.0000,287500.0000,299000.0000,31420307
KOSPI,005930,2026-06-12,326000.0000,339000.0000,320000.0000,322500.0000,31006148
KOSPI,005930,2026-06-15,342500.0000,344500.0000,334000.0000,337000.0000,21500067
KOSPI,005930,2026-06-16,343000.0000,345500.0000,332500.0000,343000.0000,17548685
KOSPI,005930,2026-06-17,332000.0000,348000.0000,331500.0000,346500.0000,18134051
KOSPI,005930,2026-06-18,345000.0000,363000.0000,344500.0000,362500.0000,32764450
KOSPI,005930,2026-06-19,372500.0000,374500.0000,346250.0000,354000.0000,43284898
KOSPI,005930,2026-06-22,343000.0000,363000.0000,342000.0000,353500.0000,24330451
KOSPI,005930,2026-06-23,347500.0000,353000.0000,310000.0000,310000.0000,41266630
KOSPI,005930,2026-06-24,314000.0000,341000.0000,314000.0000,340500.0000,47809959
KOSPI,005930,2026-06-25,359500.0000,362500.0000,352000.0000,358500.0000,36157158
KOSPI,005930,2026-06-26,354000.0000,356500.0000,321500.0000,339500.0000,39735951
KOSPI,005930,2026-06-29,331000.0000,335500.0000,316000.0000,323000.0000,35436521
KOSPI,005930,2026-06-30,323500.0000,343000.0000,321000.0000,334000.0000,29237216
KOSPI,005930,2026-07-01,334500.0000,339000.0000,311500.0000,314500.0000,24968382
KOSPI,005930,2026-07-02,290000.0000,304000.0000,281500.0000,286000.0000,38905074
KOSPI,005930,2026-07-03,288500.0000,313000.0000,283500.0000,309500.0000,31520538
KOSPI,005930,2026-07-06,320000.0000,325000.0000,303000.0000,318000.0000,23872879
KOSPI,005930,2026-07-07,307000.0000,310000.0000,286000.0000,296000.0000,32421032
KOSPI,005930,2026-07-08,285500.0000,300000.0000,273500.0000,277500.0000,33525758
KOSPI,005930,2026-07-09,288500.0000,291500.0000,267500.0000,278000.0000,29703616
KOSPI,005930,2026-07-10,291000.0000,298000.0000,282000.0000,285000.0000,20088811
KOSPI,005930,2026-07-13,285000.0000,292500.0000,253000.0000,254500.0000,31882652
KOSPI,005930,2026-07-14,255000.0000,270000.0000,247000.0000,263000.0000,40086496
KOSPI,005930,2026-07-15,283500.0000,284500.0000,273000.0000,279500.0000,24873414
KOSPI,005930,2026-07-16,264500.0000,265500.0000,252500.0000,255000.0000,27001478
KOSPI,005930,2026-07-20,241000.0000,257500.0000,240000.0000,244000.0000,26804038
KOSPI,005930,2026-07-21,247000.0000,263500.0000,243000.0000,259000.0000,20386896
KOSPI,005930,2026-07-22,276000.0000,276000.0000,260000.0000,260500.0000,22292003
KOSPI,005930,2026-07-23,269000.0000,273000.0000,263000.0000,270000.0000,16011816
KOSPI,005930,2026-07-24,266000.0000,266500.0000,247000.0000,249500.0000,26175580
KOSPI,005930,2026-07-27,257000.0000,258500.0000,246000.0000,254000.0000,23296044
KOSPI,005930,2026-07-28,238500.0000,240000.0000,218500.0000,220000.0000,41639623
KOSPI,005930,2026-07-29,226500.0000,234000.0000,189200.0000,208500.0000,65555523
KOSPI,005930,2026-07-30,214000.0000,226000.0000,202000.0000,207000.0000,46694193
KOSPI,005930,2026-07-31,257000.0000,267000.0000,243000.0000,262500.0000,58478873
KOSPI,005930,2026-08-03,248000.0000,249500.0000,238000.0000,239500.0000,27825493
KOSPI,005930,2026-08-04,244500.0000,244500.0000,228000.0000,240000.0000,29433821
KOSPI,005930,2026-08-05,254000.0000,254500.0000,244000.0000,246000.0000,22577128
KOSPI,005930,2026-08-06,241500.0000,246000.0000,228000.0000,230500.0000,26101823
KOSPI,005930,2026-08-07,235000.0000,239500.0000,229000.0000,231000.0000,20546010
KOSPI,005930,2026-08-10,236000.0000,238500.0000,228500.0000,230000.0000,16327805
KOSPI,005930,2026-08-11,229500.0000,243000.0000,227500.0000,239500.0000,23310969
KOSPI,005930,2026-08-12,243500.0000,260500.0000,241000.0000,255500.0000,27102479
KOSPI,005930,2026-08-13,267500.0000,271000.0000,262500.0000,268000.0000,35530867
KOSPI,005930,2026-08-14,275000.0000,275500.0000,266000.0000,274500.0000,21669476
KOSPI,005930,2026-08-18,283000.0000,288000.0000,265000.0000,268500.0000,24464621
KOSPI,005930,2026-08-19,251500.0000,254500.0000,246500.0000,247500.0000,22788552
KOSPI,005930,2026-08-20,257000.0000,273000.0000,252500.0000,271000.0000,26095919
KOSPI,005930,2026-08-21,267000.0000,285000.0000,266000.0000,281500.0000,27746471
KOSPI,005930,2026-08-24,271500.0000,272000.0000,255000.0000,257000.0000,32451940
KOSPI,005930,2026-08-25,249000.0000,258000.0000,245000.0000,257000.0000,21617407
KOSPI,005930,2026-08-26,256500.0000,266500.0000,255500.0000,261500.0000,19532523
KOSPI,005930,2026-08-27,270000.0000,271000.0000,262500.0000,266000.0000,16829395
KOSPI,005930,2026-08-28,262500.0000,266000.0000,256000.0000,257000.0000,15106746
KOSPI,005930,2026-08-31,249000.0000,260000.0000,246000.0000,260000.0000,18270969
KOSPI,005930,2026-09-01,256500.0000,262500.0000,254000.0000,261000.0000,15319615
KOSPI,005930,2026-09-02,252000.0000,255500.0000,249500.0000,250500.0000,15176841
KOSPI,005930,2026-09-03,254000.0000,255000.0000,243000.0000,250000.0000,13756022
KOSPI,005930,2026-09-04,254000.0000,259000.0000,252500.0000,255500.0000,14031862
KOSPI,005930,2026-09-07,267000.0000,270000.0000,264000.0000,270000.0000,18314016
KOSPI,005930,2026-09-08,272000.0000,279000.0000,269000.0000,269500.0000,22716517
KOSPI,005930,2026-09-09,269500.0000,275000.0000,267500.0000,269500.0000,16370962
KOSPI,005930,2026-09-10,269000.0000,270500.0000,263500.0000,269000.0000,22517075
KOSPI,005930,2026-09-11,258000.0000,261500.0000,256500.0000,259500.0000,13939111
KOSPI,005930,2026-09-14,249500.0000,254500.0000,247000.0000,248500.0000,17776098
KOSPI,005930,2026-09-15,248000.0000,252000.0000,246000.0000,250500.0000,11435506
KOSPI,005930,2026-09-16,248000.0000,254000.0000,247500.0000,253500.0000,11757106
KOSPI,005930,2026-09-17,257000.0000,259000.0000,251500.0000,256000.0000,11827514
KOSPI,005930,2026-09-18,261000.0000,262000.0000,257500.0000,260000.0000,17489615
KOSPI,005930,2026-09-21,264000.0000,275000.0000,263500.0000,275000.0000,22261519
KOSPI,005930,2026-09-22,283000.0000,283500.0000,271500.0000,277500.0000,18157410
KOSPI,005930,2026-09-23,284500.0000,286500.0000,281000.0000,286500.0000,20864376
KOSPI,005930,2026-09-28,284500.0000,285500.0000,268500.0000,270000.0000,21346064
KOSPI,005930,2026-09-29,266000.0000,276000.0000,266000.0000,275000.0000,15963864
KOSPI,005930,2026-09-30,274500.0000,276000.0000,267500.0000,269500.0000,16477580
KOSPI,005930,2026-10-01,266500.0000,276000.0000,264500.0000,274500.0000,13741073
KOSPI,005930,2026-10-02,273500.0000,277000.0000,271500.0000,276000.0000,11501250
KOSPI,005930,2026-10-06,278500.0000,279000.0000,270000.0000,273000.0000,12895120
NASDAQ,AAPL,2026-04-06,256.0531,261.6930,256.0031,258.3989,29329900
NASDAQ,AAPL,2026-04-07,255.7037,255.7436,245.2623,253.0484,62148000
NASDAQ,AAPL,2026-04-08,257.9896,259.2873,256.0730,258.4388,41032800
NASDAQ,AAPL,2026-04-09,258.5386,260.6549,255.6139,260.0260,28121600
NASDAQ,AAPL,2026-04-10,259.5169,261.7229,258.5586,260.0160,31291500
NASDAQ,AAPL,2026-04-13,259.2673,259.7165,256.2028,258.7383,36234700
NASDAQ,AAPL,2026-04-14,258.7882,261.4634,256.7319,258.3689,48370700
NASDAQ,AAPL,2026-04-15,257.7001,266.0852,257.3507,265.9554,49913500
NASDAQ,AAPL,2026-04-16,266.3247,266.6841,260.8046,262.9308,43323100
NASDAQ,AAPL,2026-04-17,266.4844,271.8149,266.2449,269.7486,61436200
NASDAQ,AAPL,2026-04-20,269.8484,273.7914,269.8085,272.5636,36590200
NASDAQ,AAPL,2026-04-21,271.0164,272.3140,264.9272,265.6959,50209800
NASDAQ,AAPL,2026-04-22,267.3429,273.2524,266.3946,272.6834,43249200
NASDAQ,AAPL,2026-04-23,274.5600,275.2787,271.1661,272.9429,33399600
NASDAQ,AAPL,2026-04-24,272.2741,272.5736,269.1696,270.5771,38157100
NASDAQ,AAPL,2026-04-27,265.6160,267.8819,264.5978,267.1333,41466800
NASDAQ,AAPL,2026-04-28,271.8549,272.7433,268.1814,270.2278,40018900
NASDAQ,AAPL,2026-04-29,267.0734,270.5572,266.5643,269.6887,30047900
NASDAQ,AAPL,2026-04-30,270.0181,275.5083,267.6624,270.8666,91848200
NASDAQ,AAPL,2026-05-01,278.3632,286.7084,277.8741,279.6410,79915400
NASDAQ,AAPL,2026-05-04,279.1618,280.1301,274.3703,276.3368,46668400
NASDAQ,AAPL,2026-05-05,276.4367,284.0631,276.0075,283.6738,49311700
NASDAQ,AAPL,2026-05-06,281.4178,287.5169,280.5693,286.9979,58336100
NASDAQ,AAPL,2026-05-07,288.7547,291.6096,285.2709,286.9280,45224300
NASDAQ,AAPL,2026-05-08,289.4934,294.2349,289.4834,292.7975,52692800
NASDAQ,AAPL,2026-05-11,291.7284,293.6268,289.9799,292.4278,42247300
NASDAQ,AAPL,2026-05-12,292.3079,295.0156,292.3079,294.5460,45748100
NASDAQ,AAPL,2026-05-13,293.2471,300.6607,293.2471,298.6125,52684300
NASDAQ,AAPL,2026-05-14,299.5617,300.1911,295.1255,297.9530,35324900
NASDAQ,AAPL,2026-05-15,297.6433,302.9388,296.2645,299.9713,54862800
NASDAQ,AAPL,2026-05-18,299.9813,300.4009,294.6559,297.5833,34483000
NASDAQ,AAPL,2026-05-19,296.7141,300.2511,296.0946,298.7124,42243600
NASDAQ,AAPL,2026-05-20,297.9231,302.5391,297.8231,301.9896,38229800
NASDAQ,AAPL,2026-05-21,300.8006,305.2767,300.1411,304.7272,42965100
NASDAQ,AAPL,2026-05-22,305.8562,311.1317,305.5765,308.5539,43670200
NASDAQ,AAPL,2026-05-26,309.2933,311.5513,307.4049,308.0643,48000500
NASDAQ,AAPL,2026-05-27,308.0643,312.9901,308.0343,310.5822,50430900
NASDAQ,AAPL,2026-05-28,310.4123,312.5305,309.3033,312.2407,48220400
NASDAQ,AAPL,2026-05-29,311.5113,314.7286,309.2633,311.7911,70026800
NASDAQ,AAPL,2026-06-01,309.3632,310.6721,304.7572,306.0461,48849900
NASDAQ,AAPL,2026-06-02,307.1951,315.1782,306.4257,314.9284,44534700
NASDAQ,AAPL,2026-06-03,313.9093,316.6669,308.5839,309.9926,50836700
NASDAQ,AAPL,2026-06-04,312.9601,313.2698,309.3832,310.9618,44869100
NASDAQ,AAPL,2026-06-05,312.5904,314.8984,306.8853,307.0752,65310500
NASDAQ,AAPL,2026-06-08,308.4740,317.1265,300.9105,301.2802,77949100
NASDAQ,AAPL,2026-06-09,300.0212,300.4908,287.5320,290.2996,70108800
NASDAQ,AAPL,2026-06-10,290.4895,294.4960,287.1324,291.3287,52793300
NASDAQ,AAPL,2026-06-11,293.4669,296.7441,289.3404,295.3752,42572500
NASDAQ,AAPL,2026-06-12,295.7749,296.8840,289.3704,290.8792,38742100
NASDAQ,AAPL,2026-06-15,293.8665,297.5234,291.4486,296.1646,45732600
NASDAQ,AAPL,2026-06-16,294.9956,300.2211,293.7167,298.9821,39874400
NASDAQ,AAPL,2026-06-17,300.5907,301.8097,294.1063,295.6950,42745100
NASDAQ,AAPL,2026-06-18,297.8531,300.3110,295.3652,297.7532,85962200
NASDAQ,AAPL,2026-06-22,297.0538,302.1594,296.5043,296.7541,44879900
NASDAQ,AAPL,2026-06-23,297.2836,301.3801,293.9265,294.0464,52010900
NASDAQ,AAPL,2026-06-24,295.1055,299.4417,292.6876,292.8274,53081900
NASDAQ,AAPL,2026-06-25,287.1523,288.5511,273.5141,274.9129,107013700
NASDAQ,AAPL,2026-06-26,274.7630,285.7036,273.9737,283.5355,261775500
NASDAQ,AAPL,2026-06-29,286.4829,288.1215,279.6089,281.4972,66427000
NASDAQ,AAPL,2026-06-30,280.9277,289.6902,280.4581,289.1107,65100200
NASDAQ,AAPL,2026-07-01,293.1872,296.3344,288.9508,294.1263,50164200
NASDAQ,AAPL,2026-07-02,293.8665,309.1534,293.4269,308.3640,75352800
NASDAQ,AAPL,2026-07-06,307.0951,313.9293,306.7355,312.3906,53590000
NASDAQ,AAPL,2026-07-07,315.0183,315.2082,309.8827,310.3923,42490000
NASDAQ,AAPL,2026-07-08,311.6412,314.5487,306.7854,313.1200,41323500
NASDAQ,AAPL,2026-07-09,310.2424,316.2572,307.8945,315.9475,48124500
NASDAQ,AAPL,2026-07-10,314.4488,316.6369,311.9010,315.0483,34132300
NASDAQ,AAPL,2026-07-13,316.7468,323.1713,315.5079,317.0366,43257800
NASDAQ,AAPL,2026-07-14,313.4897,315.9176,311.6412,314.5887,36336800
NASDAQ,AAPL,2026-07-15,317.3463,328.4468,317.0466,327.2178,60957600
NASDAQ,AAPL,2026-07-16,327.7274,334.3916,326.5084,332.9728,62970600
NASDAQ,AAPL,2026-07-17,331.6939,334.7013,328.7165,333.4524,63407100
NASDAQ,AAPL,2026-07-20,333.2226,333.4224,323.4011,326.3086,53468000
NASDAQ,AAPL,2026-07-21,322.8516,329.3160,321.9423,327.4576,41338900
NASDAQ,AAPL,2026-07-22,327.5875,328.7165,323.0614,325.6092,38755900
NASDAQ,AAPL,2026-07-23,321.4528,323.0214,319.0748,321.3828,40840800
NASDAQ,AAPL,2026-07-24,321.5127,334.0819,321.3429,332.7330,47489400
NASDAQ,AAPL,2026-07-27,334.2517,339.2774,333.7322,336.6197,49604300
NASDAQ,AAPL,2026-07-28,339.7370,342.5945,335.3108,339.7869,51859000
NASDAQ,AAPL,2026-07-29,339.4373,344.2731,337.0593,337.8986,56090800
NASDAQ,AAPL,2026-07-30,332.8130,334.4615,329.3060,333.1427,74817800
NASDAQ,AAPL,2026-07-31,304.5474,310.4223,299.7415,308.6438,132489100
NASDAQ,AAPL,2026-08-03,309.3132,311.5313,302.2993,303.1586,75052000
NASDAQ,AAPL,2026-08-04,302.4691,310.1525,301.0604,309.1134,68001000
NASDAQ,AAPL,2026-08-05,309.0934,311.4414,305.4066,310.7320,49438800
NASDAQ,AAPL,2026-08-06,314.0691,316.0175,308.9636,312.1408,46139900
NASDAQ,AAPL,2026-08-07,311.1816,314.5387,310.4722,313.0600,34437200
NASDAQ,AAPL,2026-08-10,306.8300,308.2600,304.6100,308.2600,44812500
NASDAQ,AAPL,2026-08-11,307.7500,309.9700,302.7900,304.9100,37476700
NASDAQ,AAPL,2026-08-12,305.1000,305.6600,300.5700,302.2500,41657800
NASDAQ,AAPL,2026-08-13,304.2100,306.0000,302.0500,305.2600,40349300
NASDAQ,AAPL,2026-08-14,306.0000,307.4900,304.3000,305.9300,28229400
NASDAQ,AAPL,2026-08-17,306.2100,307.6600,302.9400,305.5900,38169300
NASDAQ,AAPL,2026-08-18,307.5800,311.4900,305.7400,310.0300,53424500
NASDAQ,AAPL,2026-08-19,310.1400,319.2800,309.6000,316.8300,50505600
NASDAQ,AAPL,2026-08-20,317.4600,320.2800,310.6500,311.3000,40959200
NASDAQ,AAPL,2026-08-21,312.0500,312.3800,307.0100,309.3500,46876800
NASDAQ,AAPL,2026-08-24,311.4700,313.3600,309.9700,310.3400,34673600
NASDAQ,AAPL,2026-08-25,310.7900,313.5900,308.2100,309.9000,25869800
NASDAQ,AAPL,2026-08-26,310.3000,315.4300,308.8000,313.4500,34024500
NASDAQ,AAPL,2026-08-27,310.5500,315.4000,309.4000,314.5800,32419200
NASDAQ,AAPL,2026-08-28,316.8500,322.3700,315.4500,319.7000,38649400
NASDAQ,AAPL,2026-08-31,319.6000,321.2400,312.8000,316.8500,41242700
NASDAQ,AAPL,2026-09-01,316.9800,327.3000,314.7300,325.1300,53167400
NASDAQ,AAPL,2026-09-02,326.8700,328.4000,323.5300,324.9600,33776400
NASDAQ,AAPL,2026-09-03,324.8700,330.8100,324.1100,328.2100,37225800
NASDAQ,AAPL,2026-09-04,328.3100,328.9300,317.8600,319.9700,39606900
NASDAQ,AAPL,2026-09-08,317.1000,320.7000,314.9000,316.2200,35477100
NASDAQ,AAPL,2026-09-09,315.4900,319.1500,309.9000,315.3400,65640000
NASDAQ,AAPL,2026-09-10,316.6700,326.7400,316.5100,326.5700,70011900
NASDAQ,AAPL,2026-09-11,327.4500,336.2200,326.3000,332.2700,50716900
NASDAQ,AAPL,2026-09-14,334.7900,335.5000,331.3400,333.0800,39269100
NASDAQ,AAPL,2026-09-15,330.1400,331.7800,328.3500,331.3400,31748200
NASDAQ,AAPL,2026-09-16,332.5300,335.4800,330.7000,332.4100,35981000
NASDAQ,AAPL,2026-09-17,334.7700,338.3400,330.1800,337.0000,36700200
NASDAQ,AAPL,2026-09-18,337.9100,338.4900,332.5300,336.1300,86588200
NASDAQ,AAPL,2026-09-21,335.2800,339.6400,333.0500,338.9800,34999200
NASDAQ,AAPL,2026-09-22,340.1400,345.3400,338.7500,339.7500,40711800
NASDAQ,AAPL,2026-09-23,341.0800,341.8000,335.5000,337.0200,31658800
NASDAQ,AAPL,2026-09-24,336.7200,338.9100,334.3000,335.9200,24733100
NASDAQ,AAPL,2026-09-25,336.0400,341.6700,334.5300,341.0700,30002500
NASDAQ,AAPL,2026-09-28,340.3700,342.9900,338.0400,338.4000,32820800
NASDAQ,AAPL,2026-09-29,336.9700,337.0900,328.7000,329.4000,38478000
NASDAQ,AAPL,2026-09-30,330.8000,339.5000,330.1400,333.0200,49988600
NASDAQ,AAPL,2026-10-01,330.0000,332.4800,325.8100,330.3200,36306300
NASDAQ,AAPL,2026-10-02,333.2600,334.5400,330.6100,333.6900,33278600
NASDAQ,AAPL,2026-10-05,332.8200,336.2100,331.6500,332.8900,34350900
NASDAQ,NVDA,2026-04-06,176.7560,177.3845,175.3592,177.2349,107564300
NASDAQ,NVDA,2026-04-07,175.3292,177.8235,173.2640,177.6938,132534900
NASDAQ,NVDA,2026-04-08,184.0792,184.8375,179.8888,181.6648,147732700
NASDAQ,NVDA,2026-04-09,181.4253,183.6602,180.2081,183.4906,116428500
NASDAQ,NVDA,2026-04-10,183.8897,189.5667,183.8797,188.1998,160459500
NASDAQ,NVDA,2026-04-13,185.6057,189.2275,185.3164,188.8783,133648200
NASDAQ,NVDA,2026-04-14,190.4048,196.0618,190.3349,196.0618,161307000
NASDAQ,NVDA,2026-04-15,196.0918,199.9430,195.2936,198.4165,185338400
NASDAQ,NVDA,2026-04-16,196.9797,199.3942,195.3634,197.8977,134012900
NASDAQ,NVDA,2026-04-17,199.4441,201.2400,198.8156,201.2200,160324400
NASDAQ,NVDA,2026-04-20,199.5239,201.7089,197.3888,201.5992,119381400
NASDAQ,NVDA,2026-04-21,201.6690,202.2876,198.5462,199.4242,107945300
NASDAQ,NVDA,2026-04-22,200.5316,202.0382,198.5462,202.0382,107501000
NASDAQ,NVDA,2026-04-23,201.9983,203.3652,196.7702,199.1847,113561800
NASDAQ,NVDA,2026-04-24,199.5040,210.4689,199.3543,207.7950,214134400
NASDAQ,NVDA,2026-04-27,209.1719,216.3355,206.9071,216.1160,187172400
NASDAQ,NVDA,2026-04-28,209.0123,214.2403,207.7252,212.6839,180275400
NASDAQ,NVDA,2026-04-29,212.2149,212.2349,207.1066,208.7728,123711800
NASDAQ,NVDA,2026-04-30,209.4512,209.8204,198.2468,199.1149,225239200
NASDAQ,NVDA,2026-05-01,200.8210,202.5371,196.6705,197.9974,128647000
NASDAQ,NVDA,2026-05-04,199.0450,201.2699,194.2959,198.0273,125368100
NASDAQ,NVDA,2026-05-05,198.8455,199.7833,195.5829,196.0519,113406600
NASDAQ,NVDA,2026-05-06,199.4341,207.7950,198.1571,207.3560,188362800
NASDAQ,NVDA,2026-05-07,207.8649,213.7115,206.0291,211.0177,168307900
NASDAQ,NVDA,2026-05-08,212.5442,217.3033,212.4045,214.7092,136421400
NASDAQ,NVDA,2026-05-11,213.5519,221.7930,213.4022,218.9396,160685800
NASDAQ,NVDA,2026-05-12,218.0516,223.2397,214.4299,220.2765,159176600
NASDAQ,NVDA,2026-05-13,224.4170,227.3204,221.0647,225.3150,150405400
NASDAQ,NVDA,2026-05-14,229.3258,236.0006,228.7771,235.2024,180782900
NASDAQ,NVDA,2026-05-15,229.2360,230.9721,223.7286,224.8062,180977600
NASDAQ,NVDA,2026-05-18,229.3458,229.4755,217.8720,221.8130,146280900
NASDAQ,NVDA,2026-05-19,219.1191,223.9681,217.4130,220.1069,140948200
NASDAQ,NVDA,2026-05-20,222.6710,225.6143,219.9971,222.9604,184201600
NASDAQ,NVDA,2026-05-21,221.7831,226.8814,217.4330,219.0094,203381800
NASDAQ,NVDA,2026-05-22,220.3962,220.5060,214.3101,214.8389,169275700
NASDAQ,NVDA,2026-05-26,216.0462,217.6824,211.5165,214.3700,187202600
NASDAQ,NVDA,2026-05-27,213.6317,213.6616,208.3039,212.1152,167601200
NASDAQ,NVDA,2026-05-28,210.7982,215.0285,210.7383,213.7614,143996000
NASDAQ,NVDA,2026-05-29,214.0907,217.3632,210.6485,210.6585,289410600
NASDAQ,NVDA,2026-06-01,215.2380,224.3572,215.2081,223.8483,212850700
NASDAQ,NVDA,2026-06-02,226.6619,231.7503,220.8452,222.3118,193362900
NASDAQ,NVDA,2026-06-03,221.2144,222.3119,214.0208,214.2603,160907000
NASDAQ,NVDA,2026-06-04,213.6709,221.3523,210.7342,218.4156,169022200
NASDAQ,NVDA,2026-06-05,214.2902,214.6298,204.1016,204.8708,219655500
NASDAQ,NVDA,2026-06-08,209.9451,210.2348,205.7698,208.4068,138372800
NASDAQ,NVDA,2026-06-09,210.3846,211.1637,199.1172,207.9573,180962500
NASDAQ,NVDA,2026-06-10,204.2015,206.9884,199.6965,200.1960,161746600
NASDAQ,NVDA,2026-06-11,201.2648,205.4301,199.3170,204.6410,158643200
NASDAQ,NVDA,2026-06-12,204.6310,206.8386,203.2126,204.9607,112001800
NASDAQ,NVDA,2026-06-15,208.6865,212.4723,208.1071,212.2125,149936700
NASDAQ,NVDA,2026-06-16,210.9440,211.2536,207.0583,207.1782,125694100
NASDAQ,NVDA,2026-06-17,208.2969,208.9762,202.8530,204.4212,128363500
NASDAQ,NVDA,2026-06-18,207.0983,211.1537,206.2692,210.4545,241272000
NASDAQ,NVDA,2026-06-22,211.2037,213.7508,207.4878,208.4168,122041400
NASDAQ,NVDA,2026-06-23,201.9440,203.5422,199.7765,199.8164,153496200
NASDAQ,NVDA,2026-06-24,199.8963,201.4446,196.3603,198.7776,151810700
NASDAQ,NVDA,2026-06-25,199.8564,200.5756,191.9153,195.5212,149550000
NASDAQ,NVDA,2026-06-26,192.9041,195.3314,191.0063,192.3148,179304100
NASDAQ,NVDA,2026-06-29,193.6333,195.9607,189.5879,194.7521,148835700
NASDAQ,NVDA,2026-06-30,197.0195,200.4058,194.8919,199.8663,166476700
NASDAQ,NVDA,2026-07-01,195.9807,199.6266,193.2338,197.3592,146147600
NASDAQ,NVDA,2026-07-02,196.9197,199.8364,192.1350,194.6122,142068700
NASDAQ,NVDA,2026-07-06,194.2027,197.3292,193.7732,195.3314,108999000
NASDAQ,NVDA,2026-07-07,192.1550,198.1882,190.9264,196.7099,124154600
NASDAQ,NVDA,2026-07-08,194.9618,204.9307,194.8420,203.8918,147419100
NASDAQ,NVDA,2026-07-09,204.2315,204.3613,198.7376,202.5533,132037400
NASDAQ,NVDA,2026-07-10,201.7742,210.7642,201.6943,210.7242,148421000
NASDAQ,NVDA,2026-07-13,208.3069,210.3346,202.7731,203.3025,121411000
NASDAQ,NVDA,2026-07-14,207.9673,212.3124,203.5722,211.5633,124379600
NASDAQ,NVDA,2026-07-15,211.7231,213.5710,205.8097,212.2625,124797200
NASDAQ,NVDA,2026-07-16,209.9351,210.8441,205.6199,207.1682,122986100
NASDAQ,NVDA,2026-07-17,202.4135,206.4190,197.7487,202.5833,144281900
NASDAQ,NVDA,2026-07-20,205.6399,207.5078,202.0539,203.0528,88701500
NASDAQ,NVDA,2026-07-21,207.3080,208.4168,203.7820,207.0583,108685600
NASDAQ,NVDA,2026-07-22,205.5800,214.1504,204.7209,211.8230,137645600
NASDAQ,NVDA,2026-07-23,209.2259,210.6343,205.7298,208.5267,110505300
NASDAQ,NVDA,2026-07-24,207.2181,211.6732,204.5811,206.6088,114836800
NASDAQ,NVDA,2026-07-27,207.9673,208.5167,195.2216,196.2904,154353700
NASDAQ,NVDA,2026-07-28,194.7820,198.4779,192.5246,196.7898,134111500
NASDAQ,NVDA,2026-07-29,195.6311,196.8497,189.7976,189.7976,147680800
NASDAQ,NVDA,2026-07-30,193.2338,197.0295,191.3059,194.8220,129010200
NASDAQ,NVDA,2026-07-31,198.2182,201.7742,194.7321,200.5256,139961200
NASDAQ,NVDA,2026-08-03,197.4690,208.5067,196.6300,206.4090,128406900
NASDAQ,NVDA,2026-08-04,211.0638,212.8219,208.8163,211.7031,134922000
NASDAQ,NVDA,2026-08-05,216.6176,221.9716,216.1581,218.9750,158187400
NASDAQ,NVDA,2026-08-06,221.2824,223.3801,216.7575,218.7452,113940600
NASDAQ,NVDA,2026-08-07,221.2924,224.5088,220.4134,223.7097,105669400
NASDAQ,NVDA,2026-08-10,223.1503,223.8895,216.5277,217.3068,115846600
NASDAQ,NVDA,2026-08-11,221.9217,221.9516,215.9583,217.2569,101273100
NASDAQ,NVDA,2026-08-12,220.7929,224.8484,219.9539,223.8395,108783600
NASDAQ,NVDA,2026-08-13,224.8085,226.9760,223.4600,225.0482,98867200
NASDAQ,NVDA,2026-08-14,226.5165,227.2357,224.2491,224.9083,75680900
NASDAQ,NVDA,2026-08-17,225.7274,227.6653,224.6087,224.7585,93678700
NASDAQ,NVDA,2026-08-18,220.2036,221.3923,218.4456,219.4944,103128200
NASDAQ,NVDA,2026-08-19,221.4222,222.6209,216.5177,217.3168,96797300
NASDAQ,NVDA,2026-08-20,218.1159,219.6143,215.4190,216.6076,92457000
NASDAQ,NVDA,2026-08-21,218.1759,218.4955,214.2603,214.4800,98869300
NASDAQ,NVDA,2026-08-24,215.2891,215.3490,207.0184,208.2470,135187300
NASDAQ,NVDA,2026-08-25,210.7941,214.4900,209.8752,212.8119,122309000
NASDAQ,NVDA,2026-08-26,212.4023,213.3613,208.9961,209.4257,179900000
NASDAQ,NVDA,2026-08-27,222.6109,230.2124,220.6531,227.7252,298909800
NASDAQ,NVDA,2026-08-28,227.1059,229.0037,216.5677,217.3068,195116400
NASDAQ,NVDA,2026-08-31,218.6254,221.0527,215.9683,220.5332,124702700
NASDAQ,NVDA,2026-09-01,216.5077,220.1637,214.8596,217.1970,109756200
NASDAQ,NVDA,2026-09-02,218.5455,227.6952,218.2358,224.1592,157104700
NASDAQ,NVDA,2026-09-03,225.7674,230.1425,224.4988,228.1947,134681600
NASDAQ,NVDA,2026-09-04,230.8317,234.4976,229.3733,230.1025,135352400
NASDAQ,NVDA,2026-09-08,232.8494,233.4488,224.5987,225.4777,122965600
NASDAQ,NVDA,2026-09-09,225.0282,225.9272,223.2102,223.4200,82955500
NASDAQ,NVDA,2026-09-10,220.5300,220.9900,217.2000,218.3600,105768000
NASDAQ,NVDA,2026-09-11,221.2400,222.0000,218.1500,218.2900,89060100
NASDAQ,NVDA,2026-09-14,211.2400,212.7700,208.9300,210.9600,132267200
NASDAQ,NVDA,2026-09-15,213.3800,213.9400,211.1600,212.1700,88059700
NASDAQ,NVDA,2026-09-16,214.1400,216.7600,212.5000,213.9000,96563600
NASDAQ,NVDA,2026-09-17,218.3800,219.9100,217.1500,219.3400,94191300
NASDAQ,NVDA,2026-09-18,219.3500,222.7300,218.0300,222.2700,190287400
NASDAQ,NVDA,2026-09-21,222.9400,228.5000,221.5600,227.3800,109806100
NASDAQ,NVDA,2026-09-22,226.8500,229.9800,226.5000,228.8700,95746700
NASDAQ,NVDA,2026-09-23,228.0300,228.9500,224.0200,225.5100,89547300
NASDAQ,NVDA,2026-09-24,222.0800,224.9400,221.0900,224.5800,77469900
NASDAQ,NVDA,2026-09-25,225.1300,226.9400,223.1300,225.0700,89947700
NASDAQ,NVDA,2026-09-28,229.7500,233.2100,228.0400,228.8600,142344300
NASDAQ,NVDA,2026-09-29,230.9700,232.8200,227.0300,227.2100,101494900
NASDAQ,NVDA,2026-09-30,229.2700,232.3700,228.1700,228.3800,121732200
NASDAQ,NVDA,2026-10-01,229.9800,232.2900,228.1600,230.8600,98591400
NASDAQ,NVDA,2026-10-02,236.0600,237.8800,233.6000,233.9500,135167800
NASDAQ,NVDA,2026-10-05,236.0900,240.1000,235.1500,238.9000,126639900
