market,ticker,period_end,period_type,revenue,operating_income,net_income,total_assets,total_equity,total_debt,data_source,accounting_std
KOSPI,000660,2021-12-31,FY,42997792000000.00,12410340000000.00,9602316000000.00,96386474000000.00,62157072000000.00,34195416000000.00,DART,K-IFRS
KOSPI,000660,2022-12-31,FY,44621568000000.00,6809417000000.00,2229560000000.00,103871512000000.00,63266355000000.00,40580970000000.00,DART,K-IFRS
KOSPI,000660,2023-12-31,FY,32765719000000.00,-7730313000000.00,-9112428000000.00,100330165000000.00,53504285000000.00,46826413000000.00,DART,K-IFRS
KOSPI,000660,2024-12-31,FY,66192960000000.00,23467319000000.00,19788681000000.00,119855209000000.00,73903394000000.00,45939505000000.00,DART,K-IFRS
KOSPI,000660,2025-12-31,FY,97146675000000.00,47206319000000.00,42919287000000.00,176107659000000.00,120516178000000.00,55440908000000.00,DART,K-IFRS
KOSPI,005930,2021-12-31,FY,279604799000000.00,51633856000000.00,39243791000000.00,426621158000000.00,296237697000000.00,121721227000000.00,DART,K-IFRS
KOSPI,005930,2022-12-31,FY,302231360000000.00,43376630000000.00,54730018000000.00,448424507000000.00,345186142000000.00,93674903000000.00,DART,K-IFRS
KOSPI,005930,2023-12-31,FY,258935494000000.00,6566976000000.00,14473401000000.00,455905980000000.00,353233775000000.00,92228115000000.00,DART,K-IFRS
KOSPI,005930,2024-12-31,FY,300870903000000.00,32725961000000.00,33621363000000.00,514531948000000.00,391687603000000.00,112339878000000.00,DART,K-IFRS
KOSPI,005930,2025-12-31,FY,333605938000000.00,43601051000000.00,44260956000000.00,566942110000000.00,424313255000000.00,130621773000000.00,DART,K-IFRS
NASDAQ,AAPL,2021-09-25,FY,365817000000.00,108949000000.00,94680000000.00,351002000000.00,63090000000.00,287912000000.00,SEC,US-GAAP
NASDAQ,AAPL,2022-09-24,FY,394328000000.00,119437000000.00,99803000000.00,352755000000.00,50672000000.00,302083000000.00,SEC,US-GAAP
NASDAQ,AAPL,2023-09-30,FY,383285000000.00,114301000000.00,96995000000.00,352583000000.00,62146000000.00,290437000000.00,SEC,US-GAAP
NASDAQ,AAPL,2024-09-28,FY,391035000000.00,123216000000.00,93736000000.00,364980000000.00,56950000000.00,308030000000.00,SEC,US-GAAP
NASDAQ,AAPL,2025-09-27,FY,416161000000.00,133050000000.00,112010000000.00,359241000000.00,73733000000.00,285508000000.00,SEC,US-GAAP
NASDAQ,NVDA,2022-01-30,FY,26914000000.00,10041000000.00,9752000000.00,44187000000.00,26612000000.00,17575000000.00,SEC,US-GAAP
NASDAQ,NVDA,2023-01-29,FY,26974000000.00,4224000000.00,4368000000.00,41182000000.00,22101000000.00,19081000000.00,SEC,US-GAAP
NASDAQ,NVDA,2024-01-28,FY,60922000000.00,32972000000.00,29760000000.00,65728000000.00,42978000000.00,22750000000.00,SEC,US-GAAP
NASDAQ,NVDA,2025-01-26,FY,130497000000.00,81453000000.00,72880000000.00,111601000000.00,79327000000.00,32274000000.00,SEC,US-GAAP
NASDAQ,NVDA,2026-01-25,FY,215938000000.00,130387000000.00,120067000000.00,206803000000.00,157293000000.00,49510000000.00,SEC,US-GAAP
