rate_at,usd_krw,granularity,source
2026-04-06 15:00:00+00:00,1507.8500,DAILY,YFINANCE
2026-04-07 15:00:00+00:00,1499.1300,DAILY,YFINANCE
2026-04-08 15:00:00+00:00,1477.6000,DAILY,YFINANCE
2026-04-09 15:00:00+00:00,1473.2800,DAILY,YFINANCE
2026-04-12 15:00:00+00:00,1482.1801,DAILY,YFINANCE
2026-04-13 15:00:00+00:00,1476.8400,DAILY,YFINANCE
2026-04-14 15:00:00+00:00,1469.4200,DAILY,YFINANCE
2026-04-15 15:00:00+00:00,1474.0601,DAILY,YFINANCE
2026-04-16 15:00:00+00:00,1477.9200,DAILY,YFINANCE
2026-04-19 15:00:00+00:00,1465.1500,DAILY,YFINANCE
2026-04-20 15:00:00+00:00,1469.2600,DAILY,YFINANCE
2026-04-21 15:00:00+00:00,1485.8000,DAILY,YFINANCE
2026-04-22 15:00:00+00:00,1477.9600,DAILY,YFINANCE
2026-04-23 15:00:00+00:00,1479.9500,DAILY,YFINANCE
2026-04-26 15:00:00+00:00,1474.6899,DAILY,YFINANCE
2026-04-27 15:00:00+00:00,1473.0000,DAILY,YFINANCE
2026-04-28 15:00:00+00:00,1471.9900,DAILY,YFINANCE
2026-04-29 15:00:00+00:00,1487.3800,DAILY,YFINANCE
2026-04-30 15:00:00+00:00,1474.0100,DAILY,YFINANCE
2026-05-03 15:00:00+00:00,1471.7300,DAILY,YFINANCE
2026-05-04 15:00:00+00:00,1476.0500,DAILY,YFINANCE
2026-05-05 15:00:00+00:00,1473.9600,DAILY,YFINANCE
2026-05-06 15:00:00+00:00,1444.4500,DAILY,YFINANCE
2026-05-07 15:00:00+00:00,1454.7900,DAILY,YFINANCE
2026-05-10 15:00:00+00:00,1460.5500,DAILY,YFINANCE
2026-05-11 15:00:00+00:00,1474.4500,DAILY,YFINANCE
2026-05-12 15:00:00+00:00,1492.9900,DAILY,YFINANCE
2026-05-13 15:00:00+00:00,1489.8400,DAILY,YFINANCE
2026-05-14 15:00:00+00:00,1493.3400,DAILY,YFINANCE
2026-05-17 15:00:00+00:00,1497.1500,DAILY,YFINANCE
2026-05-18 15:00:00+00:00,1492.3199,DAILY,YFINANCE
2026-05-19 15:00:00+00:00,1507.8500,DAILY,YFINANCE
2026-05-20 15:00:00+00:00,1499.7700,DAILY,YFINANCE
2026-05-21 15:00:00+00:00,1504.4000,DAILY,YFINANCE
2026-05-24 15:00:00+00:00,1512.8300,DAILY,YFINANCE
2026-05-25 15:00:00+00:00,1514.7900,DAILY,YFINANCE
2026-05-26 15:00:00+00:00,1505.4399,DAILY,YFINANCE
2026-05-27 15:00:00+00:00,1503.1100,DAILY,YFINANCE
2026-05-28 15:00:00+00:00,1495.2900,DAILY,YFINANCE
2026-05-31 15:00:00+00:00,1506.8400,DAILY,YFINANCE
2026-06-01 15:00:00+00:00,1511.2700,DAILY,YFINANCE
2026-06-02 15:00:00+00:00,1516.6000,DAILY,YFINANCE
2026-06-03 15:00:00+00:00,1530.1100,DAILY,YFINANCE
2026-06-04 15:00:00+00:00,1533.0699,DAILY,YFINANCE
2026-06-07 15:00:00+00:00,1554.4800,DAILY,YFINANCE
2026-06-08 15:00:00+00:00,1528.8800,DAILY,YFINANCE
2026-06-09 15:00:00+00:00,1525.8101,DAILY,YFINANCE
2026-06-10 15:00:00+00:00,1525.0500,DAILY,YFINANCE
2026-06-11 15:00:00+00:00,1517.3800,DAILY,YFINANCE
2026-06-14 15:00:00+00:00,1509.5000,DAILY,YFINANCE
2026-06-15 15:00:00+00:00,1513.3101,DAILY,YFINANCE
2026-06-16 15:00:00+00:00,1510.9600,DAILY,YFINANCE
2026-06-17 15:00:00+00:00,1525.4200,DAILY,YFINANCE
2026-06-18 15:00:00+00:00,1537.5601,DAILY,YFINANCE
2026-06-21 15:00:00+00:00,1531.3300,DAILY,YFINANCE
2026-06-22 15:00:00+00:00,1539.0500,DAILY,YFINANCE
2026-06-23 15:00:00+00:00,1535.2500,DAILY,YFINANCE
2026-06-24 15:00:00+00:00,1542.7600,DAILY,YFINANCE
2026-06-25 15:00:00+00:00,1546.4800,DAILY,YFINANCE
2026-06-28 15:00:00+00:00,1535.2400,DAILY,YFINANCE
2026-06-29 15:00:00+00:00,1541.7300,DAILY,YFINANCE
2026-06-30 15:00:00+00:00,1548.6100,DAILY,YFINANCE
2026-07-01 15:00:00+00:00,1551.8101,DAILY,YFINANCE
2026-07-02 15:00:00+00:00,1542.1300,DAILY,YFINANCE
2026-07-05 15:00:00+00:00,1531.0000,DAILY,YFINANCE
2026-07-06 15:00:00+00:00,1528.7600,DAILY,YFINANCE
2026-07-07 15:00:00+00:00,1519.8600,DAILY,YFINANCE
2026-07-08 15:00:00+00:00,1503.3500,DAILY,YFINANCE
2026-07-09 15:00:00+00:00,1505.9100,DAILY,YFINANCE
2026-07-12 15:00:00+00:00,1498.4800,DAILY,YFINANCE
2026-07-13 15:00:00+00:00,1497.7000,DAILY,YFINANCE
2026-07-14 15:00:00+00:00,1487.8800,DAILY,YFINANCE
2026-07-15 15:00:00+00:00,1486.2000,DAILY,YFINANCE
2026-07-16 15:00:00+00:00,1478.8500,DAILY,YFINANCE
2026-07-19 15:00:00+00:00,1487.3900,DAILY,YFINANCE
2026-07-20 15:00:00+00:00,1475.0100,DAILY,YFINANCE
2026-07-21 15:00:00+00:00,1479.7200,DAILY,YFINANCE
2026-07-22 15:00:00+00:00,1475.6300,DAILY,YFINANCE
2026-07-23 15:00:00+00:00,1474.0400,DAILY,YFINANCE
2026-07-26 15:00:00+00:00,1458.0100,DAILY,YFINANCE
2026-07-27 15:00:00+00:00,1464.4399,DAILY,YFINANCE
2026-07-28 15:00:00+00:00,1453.1600,DAILY,YFINANCE
2026-07-29 15:00:00+00:00,1442.2800,DAILY,YFINANCE
2026-07-30 15:00:00+00:00,1420.6000,DAILY,YFINANCE
2026-08-02 15:00:00+00:00,1435.7000,DAILY,YFINANCE
2026-08-03 15:00:00+00:00,1428.5000,DAILY,YFINANCE
2026-08-04 15:00:00+00:00,1428.4301,DAILY,YFINANCE
2026-08-05 15:00:00+00:00,1421.1600,DAILY,YFINANCE
2026-08-06 15:00:00+00:00,1422.3000,DAILY,YFINANCE
2026-08-09 15:00:00+00:00,1407.0000,DAILY,YFINANCE
2026-08-10 15:00:00+00:00,1417.3101,DAILY,YFINANCE
2026-08-11 15:00:00+00:00,1412.1801,DAILY,YFINANCE
2026-08-12 15:00:00+00:00,1416.4600,DAILY,YFINANCE
2026-08-13 15:00:00+00:00,1416.8500,DAILY,YFINANCE
2026-08-16 15:00:00+00:00,1415.3700,DAILY,YFINANCE
2026-08-17 15:00:00+00:00,1414.7300,DAILY,YFINANCE
2026-08-18 15:00:00+00:00,1413.5800,DAILY,YFINANCE
2026-08-19 15:00:00+00:00,1389.4000,DAILY,YFINANCE
2026-08-20 15:00:00+00:00,1390.7900,DAILY,YFINANCE
2026-08-23 15:00:00+00:00,1384.9800,DAILY,YFINANCE
2026-08-24 15:00:00+00:00,1380.7600,DAILY,YFINANCE
2026-08-25 15:00:00+00:00,1381.4900,DAILY,YFINANCE
2026-08-26 15:00:00+00:00,1383.4900,DAILY,YFINANCE
2026-08-27 15:00:00+00:00,1380.4500,DAILY,YFINANCE
2026-08-30 15:00:00+00:00,1377.1100,DAILY,YFINANCE
2026-08-31 15:00:00+00:00,1366.6200,DAILY,YFINANCE
2026-09-01 15:00:00+00:00,1372.8600,DAILY,YFINANCE
2026-09-02 15:00:00+00:00,1358.3900,DAILY,YFINANCE
2026-09-03 15:00:00+00:00,1355.4100,DAILY,YFINANCE
2026-09-06 15:00:00+00:00,1345.0601,DAILY,YFINANCE
2026-09-07 15:00:00+00:00,1343.5699,DAILY,YFINANCE
2026-09-08 15:00:00+00:00,1339.2100,DAILY,YFINANCE
2026-09-09 15:00:00+00:00,1339.1700,DAILY,YFINANCE
2026-09-10 15:00:00+00:00,1348.1700,DAILY,YFINANCE
2026-09-13 15:00:00+00:00,1344.6400,DAILY,YFINANCE
2026-09-14 15:00:00+00:00,1345.6100,DAILY,YFINANCE
2026-09-15 15:00:00+00:00,1363.5699,DAILY,YFINANCE
2026-09-16 15:00:00+00:00,1376.6000,DAILY,YFINANCE
2026-09-17 15:00:00+00:00,1379.5300,DAILY,YFINANCE
2026-09-20 15:00:00+00:00,1384.8600,DAILY,YFINANCE
2026-09-21 15:00:00+00:00,1373.6801,DAILY,YFINANCE
2026-09-22 15:00:00+00:00,1350.3600,DAILY,YFINANCE
2026-09-23 15:00:00+00:00,1362.5000,DAILY,YFINANCE
2026-09-24 15:00:00+00:00,1367.3600,DAILY,YFINANCE
2026-09-27 15:00:00+00:00,1354.5100,DAILY,YFINANCE
2026-09-28 15:00:00+00:00,1359.5601,DAILY,YFINANCE
2026-09-29 15:00:00+00:00,1350.5000,DAILY,YFINANCE
2026-09-30 15:00:00+00:00,1356.8400,DAILY,YFINANCE
2026-10-01 15:00:00+00:00,1360.5900,DAILY,YFINANCE
2026-10-04 15:00:00+00:00,1342.5601,DAILY,YFINANCE
2026-10-05 15:00:00+00:00,1339.0500,DAILY,YFINANCE
