code,trade_date,open,high,low,close
DJI,2026-04-07,46744.7617,46744.7617,46214.7695,46584.4609
DJI,2026-04-08,46978.1719,48017.0898,46978.1719,47909.9219
DJI,2026-04-09,47840.6289,48323.9492,47690.2695,48185.8008
DJI,2026-04-10,48199.3906,48235.0586,47856.1797,47916.5703
DJI,2026-04-13,47718.2109,48221.3711,47505.9688,48218.2500
DJI,2026-04-14,48272.0312,48592.2891,48192.3008,48535.9883
DJI,2026-04-15,48549.1406,48709.0117,48281.6211,48463.7188
DJI,2026-04-16,48557.8203,48683.4492,48337.3789,48578.7188
DJI,2026-04-17,48788.8086,49717.9805,48788.8086,49447.4297
DJI,2026-04-20,49422.3711,49489.6289,49245.6016,49442.5586
DJI,2026-04-21,49688.3711,49848.6914,49046.5391,49149.3789
DJI,2026-04-22,49271.5000,49624.4805,49271.5000,49490.0312
DJI,2026-04-23,49284.8516,49522.9414,48861.3086,49310.3203
DJI,2026-04-24,49320.2891,49393.3398,49085.7500,49230.7109
DJI,2026-04-27,49112.1992,49353.6914,49029.4688,49167.7891
DJI,2026-04-28,49276.8008,49381.3281,49077.7500,49141.9297
DJI,2026-04-29,49163.7812,49163.7812,48708.5703,48861.8086
DJI,2026-04-30,48762.9297,49753.2617,48762.9297,49652.1406
DJI,2026-05-01,49832.5703,49988.5586,49496.4688,49499.2695
DJI,2026-05-04,49416.6602,49441.4297,48913.0586,48941.8984
DJI,2026-05-05,49037.1211,49365.2188,49009.1094,49298.2500
DJI,2026-05-06,49442.1914,50011.5312,49442.1914,49910.5898
DJI,2026-05-07,50002.3906,50130.1992,49487.9688,49596.9688
DJI,2026-05-08,49581.0898,49830.6992,49486.9609,49609.1602
DJI,2026-05-11,49549.0703,49771.2383,49475.7812,49704.4688
DJI,2026-05-12,49739.6211,49823.9414,49307.6602,49760.5586
DJI,2026-05-13,49674.5781,49747.6094,49451.0000,49693.1992
DJI,2026-05-14,49843.5781,50200.5391,49843.5781,50063.4609
DJI,2026-05-15,49930.2617,49930.2617,49503.5703,49526.1719
DJI,2026-05-18,49481.0391,49761.1602,49352.5586,49686.1211
DJI,2026-05-19,49696.5312,49696.5312,49245.1094,49363.8789
DJI,2026-05-20,49348.8281,50067.2188,49235.7383,50009.3516
DJI,2026-05-21,49983.8008,50381.4102,49697.4688,50285.6602
DJI,2026-05-22,50434.6484,50830.2383,50434.6484,50579.6992
DJI,2026-05-26,50686.1484,50785.6797,50356.6406,50461.6797
DJI,2026-05-27,50487.1602,50830.4102,50487.1602,50644.2812
DJI,2026-05-28,50660.9805,50764.0391,50314.3398,50668.9688
DJI,2026-05-29,50773.9102,51094.1797,50698.2695,51032.4609
DJI,2026-06-01,51161.1016,51161.1016,50767.3203,51078.8789
DJI,2026-06-02,50912.8398,51369.6094,50829.5508,51307.7891
DJI,2026-06-03,51220.9219,51220.9219,50687.0703,50687.0703
DJI,2026-06-04,50986.1016,51657.8906,50986.1016,51561.9297
DJI,2026-06-05,51610.0195,51660.3984,50781.4492,50866.7812
DJI,2026-06-08,50997.2305,51277.1484,50732.3516,50786.0117
DJI,2026-06-09,50814.4219,51260.9219,50211.1211,50872.1094
DJI,2026-06-10,50760.1211,50769.2617,49909.0703,49918.7812
DJI,2026-06-11,49972.0703,50968.9492,49972.0703,50848.7500
DJI,2026-06-12,51148.7305,51409.6992,50827.8398,51202.2617
DJI,2026-06-15,51364.5508,51945.8906,51364.5508,51671.0312
DJI,2026-06-16,51712.6289,52190.2891,51712.6289,51999.6719
DJI,2026-06-17,51937.5586,52281.1914,51392.5781,51492.5508
DJI,2026-06-18,51571.8516,51949.2617,51554.5312,51564.6992
DJI,2026-06-22,51555.1914,51887.8516,51555.1914,51712.7109
DJI,2026-06-23,51735.6406,51872.5586,51301.7695,51666.8398
DJI,2026-06-24,51660.7500,52248.6914,51617.7305,51848.8984
DJI,2026-06-25,52009.0195,52655.6602,51857.7812,51920.6211
DJI,2026-06-26,51803.7695,52130.0703,51614.7383,51876.1094
DJI,2026-06-29,51995.1406,52311.6289,51949.5391,52182.7383
DJI,2026-06-30,52168.1797,52387.4492,52033.1289,52319.1992
DJI,2026-07-01,52231.1797,52742.6602,52026.6406,52305.2383
DJI,2026-07-02,52395.2188,52903.8516,52395.2188,52900.0703
DJI,2026-07-06,52828.4492,53060.1016,52648.6914,53055.9102
DJI,2026-07-07,53104.0586,53289.3008,52774.1719,52925.1484
DJI,2026-07-08,52758.4688,52758.4688,52069.8711,52348.3906
DJI,2026-07-09,52249.4414,52574.8906,52249.4414,52487.4102
DJI,2026-07-10,52622.9219,52709.7500,52266.8086,52637.0117
DJI,2026-07-13,52676.5312,52846.5117,52351.1211,52498.6406
DJI,2026-07-14,52046.3594,52695.0586,52046.3594,52508.2695
DJI,2026-07-15,52604.1992,52823.9492,52428.5391,52658.6406
DJI,2026-07-16,52924.8594,52924.8594,52367.4219,52552.9688
DJI,2026-07-17,52426.4609,52610.9688,51986.7383,52146.4219
DJI,2026-07-20,52154.5703,52411.8984,51781.8984,51839.2617
DJI,2026-07-21,51916.7891,52370.6484,51890.1016,52224.6406
DJI,2026-07-22,52287.1406,52511.2109,52148.8711,52218.5781
DJI,2026-07-23,51755.5391,51885.1406,51542.0586,51711.6484
DJI,2026-07-24,51791.3711,52118.1914,51682.3594,51947.2500
DJI,2026-07-27,52173.4219,52607.7812,51985.3789,52210.0781
DJI,2026-07-28,52492.8789,52901.8711,52443.5195,52747.3203
DJI,2026-07-29,52674.2109,52674.2109,51551.1797,51594.1406
DJI,2026-07-30,52114.2695,52266.4492,51655.5195,52208.0586
DJI,2026-07-31,52235.0312,52623.1406,51996.3203,52485.0312
DJI,2026-08-03,52759.0586,53230.0781,52759.0586,53178.4102
DJI,2026-08-04,53641.2109,54272.6016,53641.2109,54085.8789
DJI,2026-08-05,54266.1211,54744.3281,54266.1211,54349.1211
DJI,2026-08-06,54426.8516,54502.8711,53835.0195,53885.1016
DJI,2026-08-07,53849.2617,54094.6484,53807.9414,54036.9297
DJI,2026-08-10,54072.6602,54072.6602,53850.1914,53975.9805
DJI,2026-08-11,53961.6016,54222.8516,53746.4297,53791.8516
DJI,2026-08-12,53797.4688,53969.3594,53731.9609,53770.2695
DJI,2026-08-13,53828.5508,54049.1406,53622.4609,53839.9883
DJI,2026-08-14,53842.8008,53890.8398,53673.4688,53732.4102
DJI,2026-08-17,53663.1094,53663.1094,53395.2305,53459.7812
DJI,2026-08-18,53354.4297,53478.7617,53256.3398,53343.3984
DJI,2026-08-19,53463.4688,53710.0586,53399.5312,53463.0508
DJI,2026-08-20,53381.2188,53381.2188,52754.8984,52759.2109
DJI,2026-08-21,52768.8711,53355.9219,52768.8711,53277.0117
DJI,2026-08-24,53261.9492,53508.1797,53261.9492,53417.1602
DJI,2026-08-25,53594.9219,53675.3203,53386.3711,53577.3984
DJI,2026-08-26,53547.6797,53639.7500,53379.3984,53463.8789
DJI,2026-08-27,53613.6602,53707.6211,53345.6211,53569.4414
DJI,2026-08-28,53611.9414,53819.6484,53489.4102,53559.9883
DJI,2026-08-31,53462.6016,53462.6016,53123.6211,53185.8984
DJI,2026-09-01,53083.5781,53176.6016,52691.3086,52766.8789
DJI,2026-09-02,52829.5781,53227.5000,52829.5781,53061.9492
DJI,2026-09-03,53309.1719,53746.5000,53286.1484,53686.1094
DJI,2026-09-04,53584.8906,53635.3516,53289.8789,53414.2500
DJI,2026-09-08,53110.4492,53110.4492,52721.6211,52786.0703
DJI,2026-09-09,52707.8984,52707.8984,52314.6094,52380.6602
DJI,2026-09-10,52291.8516,52291.8516,51962.7109,52064.1016
DJI,2026-09-11,52204.4609,52720.2383,52204.4609,52573.2891
DJI,2026-09-14,52750.8789,52750.8789,52278.8906,52421.1992
DJI,2026-09-15,52303.2383,52336.6094,51875.6484,52093.1094
DJI,2026-09-16,52115.3984,52173.6992,51186.6719,51461.8984
DJI,2026-09-17,51882.5312,51935.9688,51607.6484,51778.0391
DJI,2026-09-18,51826.7812,51826.7812,51497.4688,51682.6406
DJI,2026-09-21,51936.7617,52128.5781,51747.6797,52048.8281
DJI,2026-09-22,52301.9219,52319.0117,51726.0781,51863.6914
DJI,2026-09-23,51771.4102,51846.8086,51477.5312,51511.5898
DJI,2026-09-24,51415.7500,51485.9688,51124.0195,51349.9805
DJI,2026-09-25,51359.6992,51874.9414,51339.2383,51828.6211
DJI,2026-09-28,51648.4805,51780.5000,51409.6484,51481.5117
DJI,2026-09-29,51416.9609,51505.1914,51129.1797,51349.9219
DJI,2026-09-30,51424.8398,51473.9297,50906.0508,50906.0508
DJI,2026-10-01,51008.3594,51179.7812,50546.5391,50926.5586
DJI,2026-10-02,51241.1797,51382.8789,50950.6094,51176.9609
DJI,2026-10-05,51199.2500,51404.8594,50862.8516,51267.8984
IXIC,2026-04-07,21927.0898,22024.9004,21611.0000,22017.8496
IXIC,2026-04-08,22821.2109,22821.2109,22501.2793,22634.9902
IXIC,2026-04-09,22646.3496,22836.7500,22529.2109,22822.4199
IXIC,2026-04-10,22913.9102,23011.7695,22845.0508,22902.8906
IXIC,2026-04-13,22849.2305,23187.9609,22795.8203,23183.7402
IXIC,2026-04-14,23331.5000,23639.0801,23331.5000,23639.0801
IXIC,2026-04-15,23688.1191,24026.5605,23672.2598,24016.0195
IXIC,2026-04-16,24062.4492,24156.1797,23894.9102,24102.6992
IXIC,2026-04-17,24338.0098,24519.5098,24286.4707,24468.4805
IXIC,2026-04-20,24417.5293,24435.9199,24221.5293,24404.3906
IXIC,2026-04-21,24465.3398,24537.5801,24198.9902,24259.9609
IXIC,2026-04-22,24462.3105,24660.1094,24421.4004,24657.5703
IXIC,2026-04-23,24553.7500,24664.8691,24209.7402,24438.5000
IXIC,2026-04-24,24616.5605,24854.0391,24524.3691,24836.5996
IXIC,2026-04-27,24799.6406,24899.3691,24694.8203,24887.0996
IXIC,2026-04-28,24609.5703,24724.6992,24524.2305,24663.8008
IXIC,2026-04-29,24606.5293,24724.1094,24532.6992,24673.2402
IXIC,2026-04-30,24859.9395,24935.5996,24491.8301,24892.3105
IXIC,2026-05-01,24977.7891,25223.1191,24967.0898,25114.4395
IXIC,2026-05-04,25112.1797,25210.4707,24913.1191,25067.8008
IXIC,2026-05-05,25258.8809,25361.0508,25217.1602,25326.1309
IXIC,2026-05-06,25495.1699,25850.1895,25464.4395,25838.9395
IXIC,2026-05-07,25881.3008,26036.3809,25713.6504,25806.1992
IXIC,2026-05-08,25958.1191,26248.6191,25944.7793,26247.0801
IXIC,2026-05-11,26135.6309,26359.3105,26129.8301,26274.1309
IXIC,2026-05-12,26087.0098,26190.4805,25739.2207,26088.1992
IXIC,2026-05-13,26147.6504,26474.1797,25990.1602,26402.3398
IXIC,2026-05-14,26425.4707,26707.1406,26423.2109,26635.2207
IXIC,2026-05-15,26288.9199,26460.7598,26097.5391,26225.1406
IXIC,2026-05-18,26289.4902,26310.8398,25867.3008,26090.7305
IXIC,2026-05-19,25923.4902,26050.2891,25701.4395,25870.7109
IXIC,2026-05-20,25991.5098,26273.7598,25928.3301,26270.3594
IXIC,2026-05-21,26143.6191,26403.5703,26039.3691,26293.0996
IXIC,2026-05-22,26381.5605,26504.5508,26309.8008,26343.9707
IXIC,2026-05-26,26590.5000,26725.2891,26520.3008,26656.1797
IXIC,2026-05-27,26695.4395,26715.3105,26538.3105,26674.7305
IXIC,2026-05-28,26686.5293,26934.8398,26588.5195,26917.4707
IXIC,2026-05-29,26960.8398,27094.8008,26859.2695,26972.6191
IXIC,2026-06-01,26952.5801,27190.2109,26913.1191,27086.8105
IXIC,2026-06-02,27030.0703,27171.2891,26932.7695,27093.9004
IXIC,2026-06-03,27092.8496,27130.8809,26769.1504,26853.9805
IXIC,2026-06-04,26579.3008,26923.6992,26554.2402,26830.9609
IXIC,2026-06-05,26536.5898,26572.2500,25648.4707,25709.4297
IXIC,2026-06-08,26065.0703,26179.6504,25872.6797,25929.6602
IXIC,2026-06-09,26110.3105,26259.9199,24980.3809,25678.8203
IXIC,2026-06-10,25512.0703,25726.0000,25145.3008,25169.5000
IXIC,2026-06-11,25309.7793,25846.5605,25109.3906,25809.6602
IXIC,2026-06-12,25783.3594,26010.3105,25599.9395,25888.8398
IXIC,2026-06-15,26447.2305,26687.5605,26438.7695,26683.9395
IXIC,2026-06-16,26649.9707,26788.6191,26369.3906,26376.3398
IXIC,2026-06-17,26493.8203,26511.5508,25960.4102,26021.6602
IXIC,2026-06-18,26410.6191,26559.7402,26188.6895,26517.9297
IXIC,2026-06-22,26483.3105,26561.1191,26125.4805,26166.5996
IXIC,2026-06-23,25549.7598,25882.5703,25513.2598,25587.0391
IXIC,2026-06-24,25578.6191,25840.5605,25354.6602,25476.6406
IXIC,2026-06-25,25724.7793,25724.7793,25123.4297,25358.5996
IXIC,2026-06-26,25105.4102,25491.3809,25014.9609,25297.6191
IXIC,2026-06-29,25502.0898,25834.3496,25289.7598,25820.1406
IXIC,2026-06-30,25824.4707,26253.0391,25808.0605,26213.7207
IXIC,2026-07-01,26039.5098,26238.0605,25954.4609,26040.0293
IXIC,2026-07-02,26047.3809,26261.0898,25630.5098,25832.6699
IXIC,2026-07-06,25999.6094,26209.7598,25963.4395,26121.1602
IXIC,2026-07-07,25960.1309,26010.0195,25684.1504,25818.6895
IXIC,2026-07-08,25704.6602,25896.0703,25526.4609,25870.6504
IXIC,2026-07-09,25918.3105,26215.8203,25825.8496,26206.8906
IXIC,2026-07-10,26175.5391,26301.5391,26009.4902,26281.6094
IXIC,2026-07-13,26088.3105,26139.3691,25822.0996,25873.1797
IXIC,2026-07-14,26015.4902,26168.8008,25912.4004,26107.0098
IXIC,2026-07-15,26261.1797,26316.8105,26041.1309,26269.2305
IXIC,2026-07-16,26155.4004,26165.3691,25765.4492,25881.9492
IXIC,2026-07-17,25412.2598,25703.0098,25250.6309,25520.2402
IXIC,2026-07-20,25720.8691,25815.5996,25501.0996,25508.0703
IXIC,2026-07-21,25772.5508,25880.3398,25672.8301,25837.2109
IXIC,2026-07-22,25693.7207,25841.3105,25681.3203,25690.9004
IXIC,2026-07-23,25245.5391,25358.2793,24954.7695,25137.6895
IXIC,2026-07-24,25107.3809,25222.1406,24918.0898,24975.8203
IXIC,2026-07-27,25236.1895,25261.9102,24774.8691,24932.0801
IXIC,2026-07-28,24825.0703,24984.5000,24581.0098,24876.9102
IXIC,2026-07-29,24863.4805,25054.5293,24425.3398,24442.9395
IXIC,2026-07-30,24852.0508,25171.4395,24813.8398,25122.1797
IXIC,2026-07-31,25340.7109,25460.8594,25004.3301,25373.8496
IXIC,2026-08-03,25452.6602,25967.4395,25420.3496,25913.9004
IXIC,2026-08-04,26088.0391,26679.9102,26088.0391,26584.9902
IXIC,2026-08-05,26698.0195,26739.0000,26348.5098,26363.4395
IXIC,2026-08-06,26268.8398,26499.4199,26208.4297,26348.3496
IXIC,2026-08-07,26534.6602,26712.6191,26478.0098,26690.6191
IXIC,2026-08-10,26680.4395,26724.6309,26548.2598,26605.3594
IXIC,2026-08-11,26672.1797,26679.2598,26372.3105,26445.4492
IXIC,2026-08-12,26680.4707,26688.2402,26531.9297,26588.4902
IXIC,2026-08-13,26631.3398,26875.5195,26612.8496,26803.0293
IXIC,2026-08-14,26851.1504,26862.1699,26661.9492,26729.1602
IXIC,2026-08-17,26784.6504,26798.4004,26626.3809,26644.9102
IXIC,2026-08-18,26346.8809,26422.5000,26266.6797,26289.7109
IXIC,2026-08-19,26393.8906,26456.7793,26185.1309,26331.0898
IXIC,2026-08-20,26211.5195,26263.4707,26023.1191,26067.1699
IXIC,2026-08-21,26198.8398,26269.8496,26049.2891,26180.4609
IXIC,2026-08-24,26065.3203,26109.9609,25910.8203,25980.1895
IXIC,2026-08-25,26148.7109,26225.8301,26034.3496,26151.3008
IXIC,2026-08-26,26099.5801,26189.8105,26021.6309,26130.1992
IXIC,2026-08-27,26356.9805,26553.9004,26273.8691,26541.3496
IXIC,2026-08-28,26515.9902,26700.6797,26359.2695,26402.4199
IXIC,2026-08-31,26358.5605,26398.3301,26249.7695,26370.8906
IXIC,2026-09-01,26031.6699,26260.6797,25995.5293,26099.7695
IXIC,2026-09-02,26094.0000,26245.0391,26062.6797,26217.8301
IXIC,2026-09-03,26336.3203,26644.5703,26325.0605,26584.0605
IXIC,2026-09-04,26587.9004,26628.5801,26444.8398,26506.9902
IXIC,2026-09-08,26528.5703,26542.1406,26341.1699,26421.4102
IXIC,2026-09-09,26325.0605,26366.5605,26184.2109,26253.3398
IXIC,2026-09-10,26021.0508,26178.2500,25979.5391,26081.7207
IXIC,2026-09-11,26289.4102,26431.2207,26283.1094,26333.0391
IXIC,2026-09-14,26018.5000,26329.9805,25992.5508,26186.4102
IXIC,2026-09-15,26140.2305,26172.1191,25943.3105,25981.5703
IXIC,2026-09-16,26108.4609,26225.0898,25802.9609,25978.4297
IXIC,2026-09-17,26377.8594,26460.6406,26289.9395,26418.3008
IXIC,2026-09-18,26522.0898,26544.9297,26333.9805,26522.5391
IXIC,2026-09-21,26723.1895,27183.9297,26707.4199,27122.0898
IXIC,2026-09-22,27161.1992,27288.7891,27161.1992,27244.2793
IXIC,2026-09-23,27213.5195,27217.3301,26873.5391,26936.0391
IXIC,2026-09-24,26734.5098,26971.0391,26706.1406,26939.3691
IXIC,2026-09-25,26970.9492,27122.7598,26876.2695,27068.7207
IXIC,2026-09-28,26935.7598,26990.0195,26709.6895,26820.3809
IXIC,2026-09-29,26908.7598,26919.7207,26717.9492,26797.5391
IXIC,2026-09-30,26892.8008,27108.1992,26861.0605,26861.0605
IXIC,2026-10-01,26992.3105,27014.4707,26733.8906,26871.5996
IXIC,2026-10-02,27216.9102,27353.6797,27112.2402,27190.8594
IXIC,2026-10-05,27225.9297,27544.0605,27223.4902,27477.3105
KOSDAQ,2026-04-07,1060.2500,1068.8600,1026.9500,1036.7300
KOSDAQ,2026-04-08,1084.5700,1090.0400,1071.3500,1089.8500
KOSDAQ,2026-04-09,1083.4000,1091.3800,1068.8200,1076.0000
KOSDAQ,2026-04-10,1089.1400,1098.4300,1082.9200,1093.6300
KOSDAQ,2026-04-13,1076.8500,1101.1100,1074.8400,1099.8400
KOSDAQ,2026-04-14,1120.6100,1125.9200,1118.0500,1121.8800
KOSDAQ,2026-04-15,1140.6200,1156.0200,1135.3500,1152.4300
KOSDAQ,2026-04-16,1163.0000,1168.7700,1156.3100,1162.9700
KOSDAQ,2026-04-17,1166.7800,1170.6300,1156.0200,1170.0400
KOSDAQ,2026-04-20,1167.1000,1186.2000,1161.0000,1174.8500
KOSDAQ,2026-04-21,1186.2300,1187.0000,1172.1800,1179.0300
KOSDAQ,2026-04-22,1176.8300,1181.1200,1160.5000,1181.1200
KOSDAQ,2026-04-23,1189.1000,1189.4900,1152.3400,1174.3100
KOSDAQ,2026-04-24,1176.4200,1203.8400,1172.3200,1203.8400
KOSDAQ,2026-04-27,1213.1300,1229.4200,1209.2800,1226.1800
KOSDAQ,2026-04-28,1226.7600,1226.7600,1207.4700,1215.5800
KOSDAQ,2026-04-29,1213.2800,1220.9400,1206.1100,1220.2600
KOSDAQ,2026-04-30,1224.7500,1225.2600,1189.5200,1192.3500
KOSDAQ,2026-05-04,1212.2800,1222.6500,1211.3900,1213.7400
KOSDAQ,2026-05-06,1220.9000,1220.9000,1197.0100,1210.1700
KOSDAQ,2026-05-07,1210.8300,1219.5800,1196.6300,1199.1800
KOSDAQ,2026-05-08,1199.4700,1215.5900,1194.5600,1207.7200
KOSDAQ,2026-05-11,1212.8800,1212.8900,1190.6000,1207.3400
KOSDAQ,2026-05-12,1214.9000,1225.2900,1142.4900,1179.2900
KOSDAQ,2026-05-13,1176.4300,1183.0700,1153.6500,1176.9300
KOSDAQ,2026-05-14,1187.0200,1194.0300,1162.2000,1191.0900
KOSDAQ,2026-05-15,1197.2300,1197.2300,1110.1600,1129.8200
KOSDAQ,2026-05-18,1122.5700,1122.5700,1071.6600,1111.0900
KOSDAQ,2026-05-19,1111.3600,1122.8500,1063.2800,1084.3600
KOSDAQ,2026-05-20,1081.0400,1081.0400,1038.2300,1056.0700
KOSDAQ,2026-05-21,1085.3000,1115.6600,1085.3000,1105.9700
KOSDAQ,2026-05-22,1119.4300,1165.8000,1119.4300,1161.1300
KOSDAQ,2026-05-26,1189.2800,1205.1200,1170.4100,1172.5200
KOSDAQ,2026-05-27,1173.8000,1173.8000,1128.7500,1133.1300
KOSDAQ,2026-05-28,1135.8400,1136.1300,1066.7900,1104.3600
KOSDAQ,2026-05-29,1112.1500,1112.1500,1058.1300,1074.8000
KOSDAQ,2026-06-01,1072.7700,1082.7500,1043.9100,1050.0300
KOSDAQ,2026-06-02,1044.8900,1045.7700,1009.7500,1026.0300
KOSDAQ,2026-06-04,1032.9100,1065.9000,1032.2900,1049.7300
KOSDAQ,2026-06-05,1035.2200,1035.2200,992.8000,1002.4400
KOSDAQ,2026-06-08,959.6100,959.6100,908.4600,911.3900
KOSDAQ,2026-06-09,937.6900,981.2400,937.0400,967.8100
KOSDAQ,2026-06-10,958.5800,983.2500,932.2700,951.6300
KOSDAQ,2026-06-11,937.1700,997.1100,921.0800,996.9300
KOSDAQ,2026-06-12,1027.0500,1049.7000,1021.4900,1029.0500
KOSDAQ,2026-06-15,1048.1900,1054.3200,1025.4200,1034.0300
KOSDAQ,2026-06-16,1039.0000,1040.8600,1015.7300,1018.6800
KOSDAQ,2026-06-17,1019.8800,1039.5500,1008.5700,1031.9600
KOSDAQ,2026-06-18,1029.8100,1031.5400,996.9300,1000.9300
KOSDAQ,2026-06-19,1001.4000,1001.4000,946.1500,966.5900
KOSDAQ,2026-06-22,957.4900,979.5800,944.3100,968.4000
KOSDAQ,2026-06-23,958.6400,971.6900,891.5200,891.5200
KOSDAQ,2026-06-24,905.1300,922.1200,886.1700,909.3100
KOSDAQ,2026-06-25,923.6600,930.8100,884.0500,887.8100
KOSDAQ,2026-06-26,884.4300,887.4300,838.5300,851.3700
KOSDAQ,2026-06-29,860.4000,923.1100,859.3300,920.5700
KOSDAQ,2026-06-30,925.2100,935.2700,910.3000,916.1800
KOSDAQ,2026-07-01,924.0900,955.4500,905.8700,929.3500
KOSDAQ,2026-07-02,904.5300,904.5300,863.7400,866.7200
KOSDAQ,2026-07-03,875.1800,875.3900,823.9800,868.4100
KOSDAQ,2026-07-06,866.4000,872.1200,825.7300,847.0700
KOSDAQ,2026-07-07,843.7400,866.5900,812.7000,831.2300
KOSDAQ,2026-07-08,816.3900,823.3300,778.7000,785.0000
KOSDAQ,2026-07-09,792.9900,819.6900,778.1700,794.0000
KOSDAQ,2026-07-10,807.0000,845.8800,800.3900,837.4300
KOSDAQ,2026-07-13,839.7200,867.3800,797.3400,799.3600
KOSDAQ,2026-07-14,797.1600,802.5300,749.7600,783.9800
KOSDAQ,2026-07-15,805.7100,831.6800,805.5900,829.4300
KOSDAQ,2026-07-16,813.3200,816.4700,786.5900,791.8400
KOSDAQ,2026-07-20,773.2100,783.7400,747.0000,749.6400
KOSDAQ,2026-07-21,750.0700,758.3600,730.8100,753.3400
KOSDAQ,2026-07-22,772.4100,789.2300,751.0900,751.0900
KOSDAQ,2026-07-23,763.5100,790.2800,760.8300,790.2800
KOSDAQ,2026-07-24,777.5000,777.5000,746.5000,748.2200
KOSDAQ,2026-07-27,760.5400,780.3900,753.7300,764.8600
KOSDAQ,2026-07-28,742.1300,742.1300,697.4500,705.8500
KOSDAQ,2026-07-29,713.7100,719.3900,630.9900,662.6800
KOSDAQ,2026-07-30,654.7200,677.1900,642.9500,644.7800
KOSDAQ,2026-07-31,666.4700,723.5600,663.2500,719.7600
KOSDAQ,2026-08-03,709.9900,757.6000,705.0700,737.3500
KOSDAQ,2026-08-04,748.1900,780.8500,748.1900,780.7200
KOSDAQ,2026-08-05,794.9300,803.4900,783.3200,799.5900
KOSDAQ,2026-08-06,797.4400,813.5400,779.0800,801.6700
KOSDAQ,2026-08-07,807.6200,814.8000,776.6000,798.8100
KOSDAQ,2026-08-10,807.6600,855.3800,807.6600,854.4700
KOSDAQ,2026-08-11,848.5900,875.1600,840.4500,857.8400
KOSDAQ,2026-08-12,854.8500,860.7600,839.8600,858.9100
KOSDAQ,2026-08-13,863.1500,870.9600,853.0900,861.3700
KOSDAQ,2026-08-14,868.0700,879.2900,845.4100,864.6500
KOSDAQ,2026-08-18,866.5900,872.5900,827.9700,834.2000
KOSDAQ,2026-08-19,810.0800,840.5000,804.0200,824.4600
KOSDAQ,2026-08-20,843.9900,850.7700,834.6900,840.8900
KOSDAQ,2026-08-21,824.0500,824.0500,795.5700,801.9400
KOSDAQ,2026-08-24,804.2700,821.9600,804.2700,813.3300
KOSDAQ,2026-08-25,806.9300,827.1500,781.8900,827.1500
KOSDAQ,2026-08-26,824.7700,832.2100,815.5300,826.8700
KOSDAQ,2026-08-27,828.4200,839.5700,824.2200,837.6500
KOSDAQ,2026-08-28,835.2300,840.8500,829.5900,838.4100
KOSDAQ,2026-08-31,821.6700,835.5000,805.1400,834.2900
KOSDAQ,2026-09-01,831.9600,833.5200,815.5200,821.2500
KOSDAQ,2026-09-02,802.8000,819.6200,796.3400,803.9800
KOSDAQ,2026-09-03,814.3100,815.7900,782.8700,790.2100
KOSDAQ,2026-09-04,802.3200,816.5400,798.9700,813.5000
KOSDAQ,2026-09-07,822.9100,828.8500,819.7800,822.1900
KOSDAQ,2026-09-08,825.0300,830.2100,811.8800,811.8800
KOSDAQ,2026-09-09,815.0600,830.8700,814.7900,830.3700
KOSDAQ,2026-09-10,825.0600,839.0500,813.6600,836.9200
KOSDAQ,2026-09-11,816.9100,826.5300,816.9100,820.6400
KOSDAQ,2026-09-14,806.2700,815.3000,799.7700,806.7900
KOSDAQ,2026-09-15,806.4900,824.3700,801.9700,812.4100
KOSDAQ,2026-09-16,808.3700,815.9800,801.1200,815.9800
KOSDAQ,2026-09-17,820.1600,826.2200,814.9800,822.1800
KOSDAQ,2026-09-18,832.7200,833.5700,824.7300,827.1200
KOSDAQ,2026-09-21,830.7100,838.3200,822.4100,836.2700
KOSDAQ,2026-09-22,846.1400,847.1000,831.1300,834.3800
KOSDAQ,2026-09-23,841.7300,847.3500,835.4600,844.4800
KOSDAQ,2026-09-28,845.4800,861.1500,841.2300,846.5800
KOSDAQ,2026-09-29,843.8700,849.8200,833.6200,849.8000
KOSDAQ,2026-09-30,854.7800,862.5000,852.1000,855.9100
KOSDAQ,2026-10-01,853.9600,894.2900,851.9200,894.2900
KOSDAQ,2026-10-02,893.2200,903.8800,885.6500,893.2900
KOSDAQ,2026-10-06,902.1600,919.9200,901.4600,919.9200
KOSPI,2026-04-07,5552.1900,5594.9000,5424.4600,5494.7800
KOSPI,2026-04-08,5804.7000,5919.6000,5774.0000,5872.3400
KOSPI,2026-04-09,5826.4500,5862.4100,5757.4900,5778.0100
KOSPI,2026-04-10,5876.1200,5918.5900,5850.8300,5858.8700
KOSPI,2026-04-13,5737.2800,5827.7300,5730.2300,5808.6200
KOSPI,2026-04-14,5960.0000,6026.5200,5938.3300,5967.7500
KOSPI,2026-04-15,6141.6000,6183.2100,6064.2300,6091.3900
KOSPI,2026-04-16,6149.4900,6231.0300,6126.0600,6226.0500
KOSPI,2026-04-17,6227.3300,6230.3200,6159.8800,6191.9200
KOSPI,2026-04-20,6213.9200,6278.3600,6176.7500,6219.0900
KOSPI,2026-04-21,6302.5400,6388.4700,6302.5400,6388.4700
KOSPI,2026-04-22,6387.5700,6423.2900,6318.5100,6417.9300
KOSPI,2026-04-23,6488.8300,6557.7600,6309.1000,6475.8100
KOSPI,2026-04-24,6496.1000,6516.5400,6403.7400,6475.6300
KOSPI,2026-04-27,6533.6000,6657.2200,6529.1900,6615.0300
KOSPI,2026-04-28,6646.8000,6712.7300,6621.7300,6641.0200
KOSPI,2026-04-29,6619.0000,6702.3800,6596.0300,6690.9000
KOSPI,2026-04-30,6739.3900,6750.2700,6597.8300,6598.8700
KOSPI,2026-05-04,6782.9300,6937.0000,6741.6300,6936.9900
KOSPI,2026-05-06,7093.0100,7426.6000,7093.0100,7384.5600
KOSPI,2026-05-07,7499.0700,7531.8800,7257.8900,7490.0500
KOSPI,2026-05-08,7353.9400,7511.0100,7318.9600,7498.0000
KOSPI,2026-05-11,7775.3100,7899.3200,7713.4900,7822.2400
KOSPI,2026-05-12,7953.4100,7999.6700,7421.7100,7643.1500
KOSPI,2026-05-13,7513.6500,7855.4700,7402.3600,7844.0100
KOSPI,2026-05-14,7873.9100,7991.0400,7842.7200,7981.4100
KOSPI,2026-05-15,7951.7500,8046.7800,7371.6800,7493.1800
KOSPI,2026-05-18,7443.2900,7636.2000,7142.7100,7516.0400
KOSPI,2026-05-19,7425.6600,7446.5700,7141.9100,7271.6600
KOSPI,2026-05-20,7324.5200,7324.5200,7053.8400,7208.9500
KOSPI,2026-05-21,7486.3700,7819.2300,7486.3700,7815.5900
KOSPI,2026-05-22,7873.1200,7886.6400,7780.1300,7847.7100
KOSPI,2026-05-26,8070.9100,8131.1500,8008.1900,8047.5100
KOSPI,2026-05-27,8242.1200,8457.0900,8220.0400,8228.7000
KOSPI,2026-05-28,8165.7300,8253.6000,7841.0100,8185.2900
KOSPI,2026-05-29,8384.3100,8476.1500,8273.7400,8476.1500
KOSPI,2026-06-01,8485.6700,8874.1600,8485.6700,8788.3800
KOSPI,2026-06-02,8883.1900,8933.6200,8503.1200,8801.4900
KOSPI,2026-06-04,8623.8200,8759.0500,8577.3000,8639.4100
KOSPI,2026-06-05,8323.2000,8382.1600,8038.1000,8160.5900
KOSPI,2026-06-08,8048.0900,8048.0900,7442.7300,7484.4100
KOSPI,2026-06-09,7697.7600,8119.0900,7598.8700,8096.9300
KOSPI,2026-06-10,7899.7700,7996.6800,7541.1100,7730.8200
KOSPI,2026-06-11,7509.6200,7800.6200,7394.4600,7763.9500
KOSPI,2026-06-12,8263.8500,8434.4000,8079.7700,8123.6200
KOSPI,2026-06-15,8526.1200,8603.4800,8450.2400,8545.9800
KOSPI,2026-06-16,8696.5500,8753.8200,8540.4100,8726.6000
KOSPI,2026-06-17,8622.1300,8872.1800,8605.6600,8864.2400
KOSPI,2026-06-18,8884.9200,9106.0700,8867.3400,9063.8400
KOSPI,2026-06-19,9288.8900,9385.5900,8831.7200,9052.4200
KOSPI,2026-06-22,8954.4300,9253.0000,8900.6800,9114.5500
KOSPI,2026-06-23,9083.5400,9175.4500,8203.8400,8203.8400
KOSPI,2026-06-24,8356.7900,8577.5200,8080.9900,8471.0200
KOSPI,2026-06-25,8703.4200,9044.0400,8693.6200,8930.3000
KOSPI,2026-06-26,8813.1800,8861.7000,8126.8400,8411.2100
KOSPI,2026-06-29,8334.2800,8525.5300,8127.9900,8394.6500
KOSPI,2026-06-30,8416.7000,8667.7300,8220.8000,8476.4800
KOSPI,2026-07-01,8591.5000,8620.1500,8143.3300,8303.4100
KOSPI,2026-07-02,7933.1000,8136.2800,7616.3300,7648.0900
KOSPI,2026-07-03,7739.7500,8136.2800,7378.1000,8088.3400
KOSPI,2026-07-06,8186.8200,8327.2600,7815.5300,8051.3300
KOSPI,2026-07-07,7919.2000,7954.5500,7389.2200,7656.3100
KOSPI,2026-07-08,7452.4800,7791.6600,7186.2100,7246.7900
KOSPI,2026-07-09,7486.6400,7543.8600,7063.7600,7291.9100
KOSPI,2026-07-10,7552.4900,7704.9300,7429.5100,7475.9400
KOSPI,2026-07-13,7412.0300,7529.0700,6783.4300,6806.9300
KOSPI,2026-07-14,6769.0600,6979.9200,6448.8600,6856.8300
KOSPI,2026-07-15,7082.9100,7424.1800,7082.9100,7284.4100
KOSPI,2026-07-16,6960.5000,6995.9300,6730.8700,6820.6000
KOSPI,2026-07-20,6643.5800,6814.8600,6472.8000,6516.2700
KOSPI,2026-07-21,6553.8800,6836.8600,6429.0300,6747.9500
KOSPI,2026-07-22,7052.0900,7166.0000,6791.0600,6797.7000
KOSPI,2026-07-23,6963.3500,7108.4400,6892.6400,7096.8900
KOSPI,2026-07-24,7000.7800,7000.7800,6650.4100,6690.6200
KOSPI,2026-07-27,6806.2700,6806.2700,6557.3900,6755.7500
KOSPI,2026-07-28,6400.2700,6413.5700,5992.9100,6023.6600
KOSPI,2026-07-29,6089.1100,6228.5200,5262.7700,5663.2400
KOSPI,2026-07-30,5681.7700,5976.8200,5547.4100,5593.5600
KOSPI,2026-07-31,5657.7900,6630.7700,5629.7600,6595.4500
KOSPI,2026-08-03,6358.2700,6393.0000,6223.2900,6257.4500
KOSPI,2026-08-04,6351.3800,6389.4000,6080.2500,6358.9500
KOSPI,2026-08-05,6603.4800,6674.6600,6540.2700,6598.2600
KOSPI,2026-08-06,6478.7500,6550.9400,6238.3200,6296.3800
KOSPI,2026-08-07,6365.0700,6415.6000,6158.7300,6258.7700
KOSPI,2026-08-10,6306.3300,6394.0600,6232.4500,6299.6600
KOSPI,2026-08-11,6240.0600,6405.8100,6213.7800,6345.5300
KOSPI,2026-08-12,6438.5000,6668.4300,6413.5000,6579.0400
KOSPI,2026-08-13,6773.9200,6895.6300,6748.1300,6813.3400
KOSPI,2026-08-14,6995.6700,7010.8600,6848.4300,6977.9400
KOSPI,2026-08-18,7127.7700,7216.6200,6788.7800,6869.8300
KOSPI,2026-08-19,6528.7700,6614.3900,6400.8100,6471.1700
KOSPI,2026-08-20,6680.3400,6904.5500,6600.0900,6852.5800
KOSPI,2026-08-21,6759.9500,6954.1200,6742.4400,6912.9500
KOSPI,2026-08-24,6881.0700,6884.5700,6656.0700,6696.9600
KOSPI,2026-08-25,6535.9300,6747.1600,6408.8200,6742.7400
KOSPI,2026-08-26,6727.2500,6887.1800,6704.1000,6808.2100
KOSPI,2026-08-27,6996.1200,6996.1200,6841.8800,6912.3700
KOSPI,2026-08-28,6846.5400,6901.7800,6780.1300,6788.8800
KOSPI,2026-08-31,6613.5800,6820.1000,6547.7600,6820.0200
KOSPI,2026-09-01,6784.2900,6857.3500,6732.4700,6835.8000
KOSPI,2026-09-02,6625.4700,6694.5700,6558.3000,6562.7200
KOSPI,2026-09-03,6650.3300,6682.9700,6439.4900,6579.4800
KOSPI,2026-09-04,6654.3600,6746.1400,6632.7700,6687.2100
KOSPI,2026-09-07,6910.7800,6995.4000,6867.9100,6995.3900
KOSPI,2026-09-08,7045.7900,7171.5200,6951.7800,6954.5200
KOSPI,2026-09-09,6972.8700,7112.4800,6968.0600,7051.6400
KOSPI,2026-09-10,7038.8500,7072.7900,6898.4500,7033.9200
KOSPI,2026-09-11,6802.5000,6948.8300,6802.5000,6909.9100
KOSPI,2026-09-14,6692.6100,6773.9700,6654.8200,6684.3700
KOSPI,2026-09-15,6659.2500,6715.4600,6582.2000,6627.2600
KOSPI,2026-09-16,6611.2400,6717.9700,6598.8700,6717.9700
KOSPI,2026-09-17,6779.0200,6795.5300,6697.8500,6715.4100
KOSPI,2026-09-18,6885.7000,6914.0800,6830.9500,6894.2300
KOSPI,2026-09-21,6938.3400,7027.5800,6938.3400,7007.7200
KOSPI,2026-09-22,7161.6100,7171.4400,6986.2700,7017.9100
KOSPI,2026-09-23,7153.9900,7153.9900,7014.9800,7080.9200
KOSPI,2026-09-28,7057.8600,7065.9000,6889.6800,6889.7400
KOSPI,2026-09-29,6844.4100,6898.3600,6782.9900,6870.8100
KOSPI,2026-09-30,6943.4700,6965.6400,6818.3900,6838.0400
KOSPI,2026-10-01,6814.4900,6971.3600,6765.0600,6971.3500
KOSPI,2026-10-02,6938.2700,7011.0400,6927.8800,7003.7400
KOSPI,2026-10-06,7044.6700,7044.6700,6897.3800,6941.3900
SPX,2026-04-07,6601.9302,6618.2598,6534.5498,6616.8501
SPX,2026-04-08,6754.3599,6793.5000,6740.2798,6782.8101
SPX,2026-04-09,6783.6899,6835.3101,6761.5498,6824.6602
SPX,2026-04-10,6839.2402,6845.7700,6808.4600,6816.8901
SPX,2026-04-13,6806.4702,6887.0000,6790.0200,6886.2402
SPX,2026-04-14,6910.2002,6969.4199,6905.1699,6967.3799
SPX,2026-04-15,6978.1699,7026.2402,6967.1299,7022.9502
SPX,2026-04-16,7037.7798,7051.2300,7008.5200,7041.2798
SPX,2026-04-17,7074.5498,7147.5200,7074.5498,7126.0601
SPX,2026-04-20,7117.0498,7122.6499,7084.4102,7109.1401
SPX,2026-04-21,7122.6401,7137.2700,7050.2002,7064.0098
SPX,2026-04-22,7102.9102,7138.6401,7102.9102,7137.8999
SPX,2026-04-23,7118.7998,7147.7798,7046.5498,7108.3999
SPX,2026-04-24,7136.4800,7168.5898,7112.8198,7165.0801
SPX,2026-04-27,7152.7202,7178.7402,7146.7202,7173.9102
SPX,2026-04-28,7133.7402,7152.5200,7115.1699,7138.7998
SPX,2026-04-29,7131.6099,7145.6299,7107.8599,7135.9502
SPX,2026-04-30,7161.7500,7219.8301,7126.1499,7209.0098
SPX,2026-05-01,7234.5400,7272.5200,7229.3198,7230.1201
SPX,2026-05-04,7228.3799,7244.5400,7174.1201,7200.7500
SPX,2026-05-05,7233.6201,7273.2598,7233.6201,7259.2202
SPX,2026-05-06,7294.1401,7369.2202,7294.1401,7365.1201
SPX,2026-05-07,7376.7798,7385.0200,7321.2500,7337.1099
SPX,2026-05-08,7362.9702,7401.5000,7362.9702,7398.9302
SPX,2026-05-11,7385.3101,7428.9702,7384.2002,7412.8398
SPX,2026-05-12,7390.6299,7409.5698,7338.5400,7400.9600
SPX,2026-05-13,7409.1201,7460.0400,7375.1299,7444.2500
SPX,2026-05-14,7454.3999,7517.1201,7454.3999,7501.2402
SPX,2026-05-15,7445.1099,7454.8501,7397.5000,7408.5000
SPX,2026-05-18,7415.0698,7434.0601,7353.1699,7403.0498
SPX,2026-05-19,7375.7500,7395.3198,7333.6802,7353.6099
SPX,2026-05-20,7369.1899,7435.6899,7357.4600,7432.9702
SPX,2026-05-21,7410.7798,7465.9600,7389.4800,7445.7202
SPX,2026-05-22,7468.8198,7506.3198,7463.2900,7473.4702
SPX,2026-05-26,7511.7900,7539.0898,7501.1001,7519.1201
SPX,2026-05-27,7526.0098,7530.7202,7499.7202,7520.3599
SPX,2026-05-28,7519.8198,7568.7202,7508.0400,7563.6299
SPX,2026-05-29,7579.3301,7599.3799,7563.5498,7580.0601
SPX,2026-06-01,7582.2900,7617.6602,7562.6099,7599.9600
SPX,2026-06-02,7595.3999,7620.8999,7582.9902,7609.7798
SPX,2026-06-03,7605.3101,7605.3501,7551.2202,7553.6802
SPX,2026-06-04,7516.5400,7598.1899,7516.5400,7584.3101
SPX,2026-06-05,7537.3599,7541.8101,7368.6299,7383.7402
SPX,2026-06-08,7440.5698,7466.8101,7395.1299,7405.7300
SPX,2026-06-09,7438.6602,7483.1499,7237.8501,7386.6499
SPX,2026-06-10,7350.5400,7396.5601,7265.9302,7266.9902
SPX,2026-06-11,7287.6699,7412.6802,7257.3301,7394.2998
SPX,2026-06-12,7410.8501,7456.3999,7363.0098,7431.4600
SPX,2026-06-15,7516.7500,7577.9199,7516.7500,7554.2900
SPX,2026-06-16,7548.7798,7564.9600,7508.6802,7511.3501
SPX,2026-06-17,7524.5000,7532.1699,7402.6099,7420.1001
SPX,2026-06-18,7487.3599,7511.0698,7468.3198,7500.5801
SPX,2026-06-22,7500.4399,7530.0098,7460.0098,7472.7900
SPX,2026-06-23,7366.5098,7424.1699,7347.6001,7365.4600
SPX,2026-06-24,7370.8799,7428.0601,7336.8198,7358.2202
SPX,2026-06-25,7404.9102,7419.0801,7323.5000,7357.4902
SPX,2026-06-26,7312.7402,7392.9502,7294.1802,7354.0200
SPX,2026-06-29,7391.8799,7444.3198,7348.8799,7440.4302
SPX,2026-06-30,7441.2700,7508.2900,7438.0400,7499.3599
SPX,2026-07-01,7478.8398,7521.8101,7449.6299,7483.2300
SPX,2026-07-02,7495.1401,7540.7500,7427.5498,7483.2402
SPX,2026-07-06,7506.9600,7551.3101,7500.9702,7537.4302
SPX,2026-07-07,7516.6299,7536.0601,7478.6299,7503.8501
SPX,2026-07-08,7476.5400,7488.5098,7421.8198,7482.7100
SPX,2026-07-09,7491.6001,7546.8901,7481.7300,7543.6401
SPX,2026-07-10,7547.6401,7579.9302,7508.1602,7575.3901
SPX,2026-07-13,7547.5298,7565.3701,7506.4102,7515.3398
SPX,2026-07-14,7536.7002,7557.4399,7513.2300,7543.5898
SPX,2026-07-15,7571.7202,7581.5000,7526.9502,7572.3999
SPX,2026-07-16,7558.7998,7570.7402,7504.0200,7533.7700
SPX,2026-07-17,7447.5200,7498.4702,7431.2598,7457.6899
SPX,2026-07-20,7489.1802,7513.2300,7440.5298,7443.2798
SPX,2026-07-21,7489.9502,7515.3101,7467.8599,7509.2002
SPX,2026-07-22,7497.4702,7525.9399,7485.8501,7498.9600
SPX,2026-07-23,7418.2900,7450.1201,7376.0000,7408.2998
SPX,2026-07-24,7406.2998,7460.9800,7396.5298,7411.9800
SPX,2026-07-27,7464.2002,7480.5698,7382.7402,7413.1802
SPX,2026-07-28,7395.5498,7452.0898,7382.9502,7428.7798
SPX,2026-07-29,7418.1602,7450.8398,7313.9199,7316.1499
SPX,2026-07-30,7390.4502,7448.7500,7370.9800,7437.6299
SPX,2026-07-31,7462.1299,7512.0400,7399.8301,7489.7202
SPX,2026-08-03,7504.7798,7610.0400,7504.7798,7600.5000
SPX,2026-08-04,7630.6201,7758.2100,7629.1001,7736.5200
SPX,2026-08-05,7771.6201,7793.6802,7720.1699,7723.5498
SPX,2026-08-06,7713.7900,7742.8501,7698.1499,7709.9600
SPX,2026-08-07,7735.1802,7763.0801,7719.1899,7757.6401
SPX,2026-08-10,7751.7402,7773.7598,7743.1099,7753.1099
SPX,2026-08-11,7767.5098,7767.5098,7717.2500,7728.2002
SPX,2026-08-12,7765.4600,7766.0098,7737.9502,7748.5000
SPX,2026-08-13,7763.1802,7816.7002,7763.1802,7798.9902
SPX,2026-08-14,7806.6001,7810.0098,7776.3101,7785.7598
SPX,2026-08-17,7790.6802,7790.6802,7744.8799,7745.0601
SPX,2026-08-18,7700.0400,7713.9502,7688.6299,7691.7598
SPX,2026-08-19,7716.7402,7743.9302,7700.0698,7707.9800
SPX,2026-08-20,7690.4902,7699.9600,7639.0098,7641.1602
SPX,2026-08-21,7665.6802,7697.1099,7660.0601,7674.3701
SPX,2026-08-24,7663.3799,7670.2998,7638.1699,7652.8599
SPX,2026-08-25,7676.6602,7686.1099,7650.9199,7677.2798
SPX,2026-08-26,7666.8799,7690.7300,7657.4102,7675.7002
SPX,2026-08-27,7710.3398,7741.2700,7689.8901,7730.9902
SPX,2026-08-28,7735.1699,7771.4800,7700.9102,7711.7598
SPX,2026-08-31,7697.5200,7697.5200,7665.0601,7686.1401
SPX,2026-09-01,7635.4702,7663.6299,7611.2002,7631.4702
SPX,2026-09-02,7634.5801,7681.1899,7633.6201,7666.6001
SPX,2026-09-03,7686.7100,7756.7598,7686.7100,7747.7100
SPX,2026-09-04,7750.1899,7750.1899,7706.1201,7718.6001
SPX,2026-09-08,7717.8101,7717.8101,7666.9902,7673.5200
SPX,2026-09-09,7660.6802,7660.6802,7624.1602,7636.3599
SPX,2026-09-10,7594.7402,7612.8599,7580.0601,7591.7002
SPX,2026-09-11,7636.7500,7677.0200,7636.7500,7656.9800
SPX,2026-09-14,7611.4399,7647.9902,7592.2798,7619.9800
SPX,2026-09-15,7612.2998,7617.2598,7572.6899,7585.7300
SPX,2026-09-16,7601.2500,7626.7900,7507.7700,7551.8101
SPX,2026-09-17,7631.4399,7646.8599,7611.8101,7637.7598
SPX,2026-09-18,7657.1699,7657.1699,7610.5200,7650.5000
SPX,2026-09-21,7692.8301,7779.2202,7691.1899,7764.7002
SPX,2026-09-22,7770.8101,7782.1899,7756.2598,7764.6401
SPX,2026-09-23,7761.9399,7761.9399,7694.8901,7706.0298
SPX,2026-09-24,7666.9902,7719.0098,7662.5698,7704.1299
SPX,2026-09-25,7709.8599,7752.0698,7693.0801,7743.4102
SPX,2026-09-28,7721.7002,7724.1499,7666.6001,7683.6899
SPX,2026-09-29,7699.6001,7699.6001,7653.5498,7670.8398
SPX,2026-09-30,7688.9902,7722.8799,7651.5400,7651.5400
SPX,2026-10-01,7666.4702,7684.7500,7616.7798,7666.4502
SPX,2026-10-02,7726.2402,7754.6699,7700.5098,7722.7202
SPX,2026-10-05,7730.8599,7794.3501,7727.5898,7773.9502
