market,ticker,as_of,per,pbr,eps,bps,market_cap,shares_outstanding,source
KOSPI,000660,2026-04-07,31.8800,8.5400,28732.0000,107256.0000,652835366340000,712702365,PYKRX
KOSPI,000660,2026-04-08,35.9500,9.6300,28732.0000,107256.0000,736221543045000,712702365,PYKRX
KOSPI,000660,2026-04-09,34.7300,9.3000,28732.0000,107256.0000,711276960270000,712702365,PYKRX
KOSPI,000660,2026-04-10,35.7400,9.5800,28732.0000,107256.0000,731945328855000,712702365,PYKRX
KOSPI,000660,2026-04-13,36.2000,9.7000,28732.0000,107256.0000,741210459600000,712702365,PYKRX
KOSPI,000660,2026-04-14,38.3900,10.2800,28732.0000,107256.0000,786110708595000,712702365,PYKRX
KOSPI,000660,2026-04-15,39.5400,10.5900,28732.0000,107256.0000,809629886640000,712702365,PYKRX
KOSPI,000660,2026-04-16,40.2000,10.7700,28732.0000,107256.0000,823171231575000,712702365,PYKRX
KOSPI,000660,2026-04-17,39.2600,10.5200,28732.0000,107256.0000,803928267720000,712702365,PYKRX
KOSPI,000660,2026-04-20,40.5800,10.8700,28732.0000,107256.0000,831010957590000,712702365,PYKRX
KOSPI,000660,2026-04-21,42.6000,11.4100,28732.0000,107256.0000,872347694760000,712702365,PYKRX
KOSPI,000660,2026-04-22,42.5700,11.4000,28732.0000,107256.0000,871634992395000,712702365,PYKRX
KOSPI,000660,2026-04-23,42.6400,11.4200,28732.0000,107256.0000,873060397125000,712702365,PYKRX
KOSPI,000660,2026-04-24,42.5300,11.3900,28732.0000,107256.0000,870922290030000,712702365,PYKRX
KOSPI,000660,2026-04-27,44.9700,12.0500,28732.0000,107256.0000,920811455580000,712702365,PYKRX
KOSPI,000660,2026-04-28,45.2500,12.1200,28732.0000,107256.0000,926513074500000,712702365,PYKRX
KOSPI,000660,2026-04-29,45.0000,12.0600,28732.0000,107256.0000,921524157945000,712702365,PYKRX
KOSPI,000660,2026-04-30,44.7600,11.9900,28732.0000,107256.0000,916535241390000,712702365,PYKRX
KOSPI,000660,2026-05-04,23.3200,8.4200,62044.0000,171751.0000,1031280322155000,712702365,PYKRX
KOSPI,000660,2026-05-06,25.8000,9.3200,62044.0000,171751.0000,1141036486365000,712702365,PYKRX
KOSPI,000660,2026-05-07,26.6600,9.6300,62044.0000,171751.0000,1178809711710000,712702365,PYKRX
KOSPI,000660,2026-05-08,27.1700,9.8200,62044.0000,171751.0000,1201616187390000,712702365,PYKRX
KOSPI,000660,2026-05-11,30.3000,10.9500,62044.0000,171751.0000,1339880446200000,712702365,PYKRX
KOSPI,000660,2026-05-12,29.5800,10.6800,62044.0000,171751.0000,1307808839775000,712702365,PYKRX
KOSPI,000660,2026-05-13,31.8500,11.5100,62044.0000,171751.0000,1408299873240000,712702365,PYKRX
KOSPI,000660,2026-05-14,31.7500,11.4700,62044.0000,171751.0000,1404023659050000,712702365,PYKRX
KOSPI,000660,2026-05-15,29.3200,10.5900,62044.0000,171751.0000,1296405601935000,712702365,PYKRX
KOSPI,000660,2026-05-18,29.6600,10.7100,62044.0000,171751.0000,1311372351600000,712702365,PYKRX
KOSPI,000660,2026-05-19,28.1300,10.1600,62044.0000,171751.0000,1243665626925000,712702365,PYKRX
KOSPI,000660,2026-05-20,28.1300,10.1600,62044.0000,171751.0000,1243665626925000,712702365,PYKRX
KOSPI,000660,2026-05-21,31.2700,11.3000,62044.0000,171751.0000,1382642588100000,712702365,PYKRX
KOSPI,000660,2026-05-22,31.2800,11.3000,62044.0000,171751.0000,1383355290465000,712702365,PYKRX
KOSPI,000660,2026-05-26,33.0700,11.9500,62044.0000,171751.0000,1462465252980000,712702365,PYKRX
KOSPI,000660,2026-05-27,36.1500,13.0600,62044.0000,171751.0000,1598591404695000,712702365,PYKRX
KOSPI,000660,2026-05-28,36.8900,13.3300,62044.0000,171751.0000,1631375713485000,712702365,PYKRX
KOSPI,000660,2026-05-29,37.6000,13.5800,62044.0000,171751.0000,1662734617545000,712702365,PYKRX
KOSPI,000660,2026-06-01,38.0900,13.7600,62044.0000,171751.0000,1684115688495000,712702365,PYKRX
KOSPI,000660,2026-06-02,38.0400,13.7400,62044.0000,171751.0000,1681977581400000,712702365,PYKRX
KOSPI,000660,2026-06-04,37.0400,13.3800,62044.0000,171751.0000,1637790034770000,712702365,PYKRX
KOSPI,000660,2026-06-05,33.3600,12.0500,62044.0000,171751.0000,1475293895550000,712702365,PYKRX
KOSPI,000660,2026-06-08,30.8000,11.1300,62044.0000,171751.0000,1361974219515000,712702365,PYKRX
KOSPI,000660,2026-06-09,35.7000,12.9000,62044.0000,171751.0000,1578635738475000,712702365,PYKRX
KOSPI,000660,2026-06-10,33.0100,11.9200,62044.0000,171751.0000,1459614443520000,712702365,PYKRX
KOSPI,000660,2026-06-11,33.8600,12.2300,62044.0000,171751.0000,1497387668865000,712702365,PYKRX
KOSPI,000660,2026-06-12,34.6500,12.5200,62044.0000,171751.0000,1532310084750000,712702365,PYKRX
KOSPI,000660,2026-06-15,36.8800,13.3200,62044.0000,171751.0000,1630663011120000,712702365,PYKRX
KOSPI,000660,2026-06-16,38.3900,13.8700,62044.0000,171751.0000,1697657033430000,712702365,PYKRX
KOSPI,000660,2026-06-17,40.6300,14.6800,62044.0000,171751.0000,1796722662165000,712702365,PYKRX
KOSPI,000660,2026-06-18,43.2800,15.6300,62044.0000,171751.0000,1913605850025000,712702365,PYKRX
KOSPI,000660,2026-06-19,44.5500,16.0900,62044.0000,171751.0000,1969909336860000,712702365,PYKRX
KOSPI,000660,2026-06-22,47.0500,17.0000,62044.0000,171751.0000,2080378203435000,712702365,PYKRX
KOSPI,000660,2026-06-23,41.1800,14.8800,62044.0000,171751.0000,1820954542575000,712702365,PYKRX
KOSPI,000660,2026-06-24,41.5800,15.0200,62044.0000,171751.0000,1838772101700000,712702365,PYKRX
KOSPI,000660,2026-06-25,47.0200,16.9800,62044.0000,171751.0000,2078952798705000,712702365,PYKRX
KOSPI,000660,2026-06-26,43.0800,15.5600,62044.0000,171751.0000,1905053421645000,712702365,PYKRX
KOSPI,000660,2026-06-29,42.3600,15.3000,62044.0000,171751.0000,1872981815220000,712702365,PYKRX
KOSPI,000660,2026-06-30,42.7100,15.4300,62044.0000,171751.0000,1888661267250000,712702365,PYKRX
KOSPI,000660,2026-07-01,41.2600,14.9100,62044.0000,171751.0000,1824518054400000,712702365,PYKRX
KOSPI,000660,2026-07-02,35.2500,12.7300,62044.0000,171751.0000,1558680072255000,712702365,PYKRX
KOSPI,000660,2026-07-03,39.0900,14.1200,62044.0000,171751.0000,1728303235125000,712702365,PYKRX
KOSPI,000660,2026-07-06,37.7600,13.6400,62044.0000,171751.0000,1669861641195000,712702365,PYKRX
KOSPI,000660,2026-07-07,35.4700,12.8200,62044.0000,171751.0000,1568657905365000,712702365,PYKRX
KOSPI,000660,2026-07-08,33.4600,12.0900,62044.0000,171751.0000,1479570109740000,712702365,PYKRX
KOSPI,000660,2026-07-09,35.2300,12.7300,62044.0000,171751.0000,1557967369890000,712702365,PYKRX
KOSPI,000660,2026-07-10,35.1400,12.6900,62044.0000,171751.0000,1553691155700000,712702365,PYKRX
KOSPI,000660,2026-07-13,29.7400,10.7400,62044.0000,171751.0000,1314935863425000,712702365,PYKRX
KOSPI,000660,2026-07-14,30.8300,11.1400,62044.0000,171751.0000,1363399624245000,712702365,PYKRX
KOSPI,000660,2026-07-15,33.5600,12.1200,62044.0000,171751.0000,1483846323930000,712702365,PYKRX
KOSPI,000660,2026-07-16,29.6900,10.7200,62044.0000,171751.0000,1312797756330000,712702365,PYKRX
KOSPI,000660,2026-07-20,28.4300,10.2700,62044.0000,171751.0000,1257206971860000,712702365,PYKRX
KOSPI,000660,2026-07-21,29.5900,10.6900,62044.0000,171751.0000,1308521542140000,712702365,PYKRX
KOSPI,000660,2026-07-22,29.5000,10.6500,62044.0000,171751.0000,1304245327950000,712702365,PYKRX
KOSPI,000660,2026-07-23,30.9300,11.1700,62044.0000,171751.0000,1367675838435000,712702365,PYKRX
KOSPI,000660,2026-07-24,28.3500,10.2400,62044.0000,171751.0000,1253643460035000,712702365,PYKRX
KOSPI,000660,2026-07-27,29.2700,10.5700,62044.0000,171751.0000,1294267494840000,712702365,PYKRX
KOSPI,000660,2026-07-28,24.9800,9.0200,62044.0000,171751.0000,1104688665750000,712702365,PYKRX
KOSPI,000660,2026-07-29,22.5800,8.1600,62044.0000,171751.0000,1023419803365000,730492365,PYKRX
KOSPI,000660,2026-07-30,21.3100,7.7000,62044.0000,171751.0000,965710906530000,730492365,PYKRX
KOSPI,000660,2026-07-31,27.6900,10.0000,62044.0000,171751.0000,1254985883070000,730492365,PYKRX
KOSPI,000660,2026-08-03,25.2600,9.1200,62044.0000,171751.0000,1144681535955000,730492365,PYKRX
KOSPI,000660,2026-08-04,25.4200,9.1800,62044.0000,171751.0000,1151986459605000,730492365,PYKRX
KOSPI,000660,2026-08-05,26.8800,9.7100,62044.0000,171751.0000,1218461264820000,730492365,PYKRX
KOSPI,000660,2026-08-06,24.1000,8.7000,62044.0000,171751.0000,1092086085675000,730492365,PYKRX
KOSPI,000660,2026-08-07,22.9200,8.2800,62044.0000,171751.0000,1038760143030000,730492365,PYKRX
KOSPI,000660,2026-08-10,22.8900,8.2700,62044.0000,171751.0000,1037299158300000,730492365,PYKRX
KOSPI,000660,2026-08-11,22.9700,8.3000,62044.0000,171751.0000,1040951620125000,730492365,PYKRX
KOSPI,000660,2026-08-12,24.2400,8.7600,62044.0000,171751.0000,1098660516960000,730492365,PYKRX
KOSPI,000660,2026-08-13,25.6800,9.2800,62044.0000,171751.0000,1163674337445000,730492365,PYKRX
KOSPI,000660,2026-08-14,26.5100,9.5800,62044.0000,171751.0000,1201659940425000,730492365,PYKRX
KOSPI,000660,2026-08-18,26.7900,9.6800,62044.0000,171751.0000,1214078310630000,730492365,PYKRX
KOSPI,000660,2026-08-19,24.1800,8.7300,62044.0000,171751.0000,1095738547500000,730492365,PYKRX
KOSPI,000660,2026-08-20,27.2500,9.8500,62044.0000,171751.0000,1235262589215000,730492365,PYKRX
KOSPI,000660,2026-08-21,27.8800,10.0700,62044.0000,171751.0000,1263751791450000,730492365,PYKRX
KOSPI,000660,2026-08-24,26.9300,9.7300,62044.0000,171751.0000,1220652741915000,730492365,PYKRX
KOSPI,000660,2026-08-25,27.0500,9.7700,62044.0000,171751.0000,1225766188470000,730492365,PYKRX
KOSPI,000660,2026-08-26,27.2100,9.8300,62044.0000,171751.0000,1233071112120000,730492365,PYKRX
KOSPI,000660,2026-08-27,27.8800,10.0700,62044.0000,171751.0000,1263751791450000,730492365,PYKRX
KOSPI,000660,2026-08-28,26.6400,9.6200,62044.0000,171751.0000,1207503879345000,730492365,PYKRX
KOSPI,000660,2026-08-31,26.9800,9.7500,62044.0000,171751.0000,1222844219010000,730492365,PYKRX
KOSPI,000660,2026-09-01,27.2900,9.8600,62044.0000,171751.0000,1236723573945000,730492365,PYKRX
KOSPI,000660,2026-09-02,26.0000,9.3900,62044.0000,171751.0000,1178284184745000,730492365,PYKRX
KOSPI,000660,2026-09-03,25.7200,9.2900,62044.0000,171751.0000,1165865814540000,730492365,PYKRX
KOSPI,000660,2026-09-04,26.5500,9.5900,62044.0000,171751.0000,1203120925155000,730492365,PYKRX
KOSPI,000660,2026-09-07,28.7400,10.3800,62044.0000,171751.0000,1302467886795000,730492365,PYKRX
KOSPI,000660,2026-09-08,28.9000,10.4400,62044.0000,171751.0000,1309772810445000,730492365,PYKRX
KOSPI,000660,2026-09-09,29.9100,10.8100,62044.0000,171751.0000,1355793829440000,730492365,PYKRX
KOSPI,000660,2026-09-10,29.8700,10.7900,62044.0000,171751.0000,1353602352345000,730492365,PYKRX
KOSPI,000660,2026-09-11,29.2100,10.5500,62044.0000,171751.0000,1323652165380000,730492365,PYKRX
KOSPI,000660,2026-09-14,27.3500,9.8800,62044.0000,171751.0000,1239645543405000,730492365,PYKRX
KOSPI,000660,2026-09-15,27.2400,9.8400,62044.0000,171751.0000,1234532096850000,730492365,PYKRX
KOSPI,000660,2026-09-16,28.3500,10.2400,62044.0000,171751.0000,1284936070035000,730492365,PYKRX
KOSPI,000660,2026-09-17,28.1300,10.1600,62044.0000,171751.0000,1274709176925000,730492365,PYKRX
KOSPI,000660,2026-09-18,29.9300,10.8100,62044.0000,171751.0000,1356524321805000,730492365,PYKRX
KOSPI,000660,2026-09-21,30.1100,10.8800,62044.0000,171751.0000,1364559737820000,730492365,PYKRX
KOSPI,000660,2026-09-22,29.6600,10.7100,62044.0000,171751.0000,1344105951600000,730492365,PYKRX
KOSPI,000660,2026-09-23,30.0100,10.8400,62044.0000,171751.0000,1360176783630000,730492365,PYKRX
KOSPI,000660,2026-09-28,28.5000,10.2900,62044.0000,171751.0000,1291510501320000,730492365,PYKRX
KOSPI,000660,2026-09-29,28.4500,10.2800,62044.0000,171751.0000,1289319024225000,730492365,PYKRX
KOSPI,000660,2026-09-30,28.6200,10.3400,62044.0000,171751.0000,1297354440240000,730492365,PYKRX
KOSPI,000660,2026-10-01,29.5400,10.6700,62044.0000,171751.0000,1338992505045000,730492365,PYKRX
KOSPI,000660,2026-10-02,29.6700,10.7200,62044.0000,171751.0000,1344836443965000,730492365,PYKRX
KOSPI,000660,2026-10-06,28.5800,10.3200,62044.0000,171751.0000,1295162963145000,730492365,PYKRX
KOSPI,005930,2026-04-07,39.7000,3.3900,4950.0000,57951.0000,1163208851673000,5919637922,PYKRX
KOSPI,005930,2026-04-08,42.5300,3.6300,4950.0000,57951.0000,1246083782581000,5919637922,PYKRX
KOSPI,005930,2026-04-09,41.2100,3.5200,4950.0000,57951.0000,1207606136088000,5919637922,PYKRX
KOSPI,005930,2026-04-10,41.6200,3.5500,4950.0000,57951.0000,1219445411932000,5919637922,PYKRX
KOSPI,005930,2026-04-13,40.6100,3.4700,4950.0000,57951.0000,1189847222322000,5919637922,PYKRX
KOSPI,005930,2026-04-14,41.7200,3.5600,4950.0000,57951.0000,1207256532552000,5846278608,PYKRX
KOSPI,005930,2026-04-15,42.6300,3.6400,4950.0000,57951.0000,1233564786288000,5846278608,PYKRX
KOSPI,005930,2026-04-16,43.9400,3.7500,4950.0000,57951.0000,1271565597240000,5846278608,PYKRX
KOSPI,005930,2026-04-17,43.6400,3.7300,4950.0000,57951.0000,1262796179328000,5846278608,PYKRX
KOSPI,005930,2026-04-20,43.3300,3.7000,4950.0000,57951.0000,1254026761416000,5846278608,PYKRX
KOSPI,005930,2026-04-21,44.2400,3.7800,4950.0000,57951.0000,1280335015152000,5846278608,PYKRX
KOSPI,005930,2026-04-22,43.9400,3.7500,4950.0000,57951.0000,1271565597240000,5846278608,PYKRX
KOSPI,005930,2026-04-23,45.3500,3.8700,4950.0000,57951.0000,1312489547496000,5846278608,PYKRX
KOSPI,005930,2026-04-24,44.3400,3.7900,4950.0000,57951.0000,1283258154456000,5846278608,PYKRX
KOSPI,005930,2026-04-27,45.3500,3.8700,4950.0000,57951.0000,1312489547496000,5846278608,PYKRX
KOSPI,005930,2026-04-28,44.8500,3.8300,4950.0000,57951.0000,1297873850976000,5846278608,PYKRX
KOSPI,005930,2026-04-29,45.6600,3.9000,4950.0000,57951.0000,1321258965408000,5846278608,PYKRX
KOSPI,005930,2026-04-30,44.5500,3.8000,4950.0000,57951.0000,1289104433064000,5846278608,PYKRX
KOSPI,005930,2026-05-04,35.2000,3.6300,6605.0000,63997.0000,1359259776360000,5846278608,PYKRX
KOSPI,005930,2026-05-06,40.2700,4.1600,6605.0000,63997.0000,1555110109728000,5846278608,PYKRX
KOSPI,005930,2026-05-07,41.1100,4.2400,6605.0000,63997.0000,1587264642072000,5846278608,PYKRX
KOSPI,005930,2026-05-08,40.6500,4.2000,6605.0000,63997.0000,1569725806248000,5846278608,PYKRX
KOSPI,005930,2026-05-11,43.2200,4.4600,6605.0000,63997.0000,1669112542584000,5846278608,PYKRX
KOSPI,005930,2026-05-12,42.2400,4.3600,6605.0000,63997.0000,1631111731632000,5846278608,PYKRX
KOSPI,005930,2026-05-13,43.0000,4.4400,6605.0000,63997.0000,1660343124672000,5846278608,PYKRX
KOSPI,005930,2026-05-14,44.8100,4.6300,6605.0000,63997.0000,1730498467968000,5846278608,PYKRX
KOSPI,005930,2026-05-15,40.9500,4.2300,6605.0000,63997.0000,1581418363464000,5846278608,PYKRX
KOSPI,005930,2026-05-18,42.5400,4.3900,6605.0000,63997.0000,1642804288848000,5846278608,PYKRX
KOSPI,005930,2026-05-19,41.7100,4.3000,6605.0000,63997.0000,1610649756504000,5846278608,PYKRX
KOSPI,005930,2026-05-20,41.7900,4.3100,6605.0000,63997.0000,1613572895808000,5846278608,PYKRX
KOSPI,005930,2026-05-21,45.3400,4.6800,6605.0000,63997.0000,1750960443096000,5846278608,PYKRX
KOSPI,005930,2026-05-22,44.2800,4.5700,6605.0000,63997.0000,1710036492840000,5846278608,PYKRX
KOSPI,005930,2026-05-26,45.2700,4.6700,6605.0000,63997.0000,1748037303792000,5846278608,PYKRX
KOSPI,005930,2026-05-27,46.4800,4.8000,6605.0000,63997.0000,1794807532656000,5846278608,PYKRX
KOSPI,005930,2026-05-28,45.3400,4.6800,6605.0000,63997.0000,1750960443096000,5846278608,PYKRX
KOSPI,005930,2026-05-29,47.9900,4.9500,6605.0000,63997.0000,1853270318736000,5846278608,PYKRX
KOSPI,005930,2026-06-01,52.8400,5.4500,6605.0000,63997.0000,2040351234192000,5846278608,PYKRX
KOSPI,005930,2026-06-02,54.5800,5.6300,6605.0000,63997.0000,2107583438184000,5846278608,PYKRX
KOSPI,005930,2026-06-04,53.2200,5.4900,6605.0000,63997.0000,2054966930712000,5846278608,PYKRX
KOSPI,005930,2026-06-05,49.8100,5.1400,6605.0000,63997.0000,1923425662032000,5846278608,PYKRX
KOSPI,005930,2026-06-08,44.7400,4.6200,6605.0000,63997.0000,1727575328664000,5846278608,PYKRX
KOSPI,005930,2026-06-09,48.7500,5.0300,6605.0000,63997.0000,1882501711776000,5846278608,PYKRX
KOSPI,005930,2026-06-10,45.8000,4.7300,6605.0000,63997.0000,1768499278920000,5846278608,PYKRX
KOSPI,005930,2026-06-11,45.2700,4.6700,6605.0000,63997.0000,1748037303792000,5846278608,PYKRX
KOSPI,005930,2026-06-12,48.8300,5.0400,6605.0000,63997.0000,1885424851080000,5846278608,PYKRX
KOSPI,005930,2026-06-15,51.0200,5.2700,6605.0000,63997.0000,1970195890896000,5846278608,PYKRX
KOSPI,005930,2026-06-16,51.9300,5.3600,6605.0000,63997.0000,2005273562544000,5846278608,PYKRX
KOSPI,005930,2026-06-17,52.4600,5.4100,6605.0000,63997.0000,2025735537672000,5846278608,PYKRX
KOSPI,005930,2026-06-18,54.8800,5.6600,6605.0000,63997.0000,2119275995400000,5846278608,PYKRX
KOSPI,005930,2026-06-19,53.6000,5.5300,6605.0000,63997.0000,2069582627232000,5846278608,PYKRX
KOSPI,005930,2026-06-22,53.5200,5.5200,6605.0000,63997.0000,2066659487928000,5846278608,PYKRX
KOSPI,005930,2026-06-23,46.9300,4.8400,6605.0000,63997.0000,1812346368480000,5846278608,PYKRX
KOSPI,005930,2026-06-24,51.5500,5.3200,6605.0000,63997.0000,1990657866024000,5846278608,PYKRX
KOSPI,005930,2026-06-25,54.2800,5.6000,6605.0000,63997.0000,2095890880968000,5846278608,PYKRX
KOSPI,005930,2026-06-26,51.4000,5.3000,6605.0000,63997.0000,1984811587416000,5846278608,PYKRX
KOSPI,005930,2026-06-29,48.9000,5.0500,6605.0000,63997.0000,1888347990384000,5846278608,PYKRX
KOSPI,005930,2026-06-30,50.5700,5.2200,6605.0000,63997.0000,1952657055072000,5846278608,PYKRX
KOSPI,005930,2026-07-01,47.6200,4.9100,6605.0000,63997.0000,1838654622216000,5846278608,PYKRX
KOSPI,005930,2026-07-02,43.3000,4.4700,6605.0000,63997.0000,1672035681888000,5846278608,PYKRX
KOSPI,005930,2026-07-03,46.8600,4.8400,6605.0000,63997.0000,1809423229176000,5846278608,PYKRX
KOSPI,005930,2026-07-06,48.1500,4.9700,6605.0000,63997.0000,1859116597344000,5846278608,PYKRX
KOSPI,005930,2026-07-07,44.8100,4.6300,6605.0000,63997.0000,1730498467968000,5846278608,PYKRX
KOSPI,005930,2026-07-08,42.0100,4.3400,6605.0000,63997.0000,1622342313720000,5846278608,PYKRX
KOSPI,005930,2026-07-09,42.0900,4.3400,6605.0000,63997.0000,1625265453024000,5846278608,PYKRX
KOSPI,005930,2026-07-10,43.1500,4.4500,6605.0000,63997.0000,1666189403280000,5846278608,PYKRX
KOSPI,005930,2026-07-13,38.5300,3.9800,6605.0000,63997.0000,1487877905736000,5846278608,PYKRX
KOSPI,005930,2026-07-14,39.8200,4.1100,6605.0000,63997.0000,1537571273904000,5846278608,PYKRX
KOSPI,005930,2026-07-15,42.3200,4.3700,6605.0000,63997.0000,1634034870936000,5846278608,PYKRX
KOSPI,005930,2026-07-16,38.6100,3.9800,6605.0000,63997.0000,1490801045040000,5846278608,PYKRX
KOSPI,005930,2026-07-20,36.9400,3.8100,6605.0000,63997.0000,1426491980352000,5846278608,PYKRX
KOSPI,005930,2026-07-21,39.2100,4.0500,6605.0000,63997.0000,1514186159472000,5846278608,PYKRX
KOSPI,005930,2026-07-22,39.4400,4.0700,6605.0000,63997.0000,1522955577384000,5846278608,PYKRX
KOSPI,005930,2026-07-23,40.8800,4.2200,6605.0000,63997.0000,1578495224160000,5846278608,PYKRX
KOSPI,005930,2026-07-24,37.7700,3.9000,6605.0000,63997.0000,1458646512696000,5846278608,PYKRX
KOSPI,005930,2026-07-27,38.4600,3.9700,6605.0000,63997.0000,1484954766432000,5846278608,PYKRX
KOSPI,005930,2026-07-28,33.3100,3.4400,6605.0000,63997.0000,1286181293760000,5846278608,PYKRX
KOSPI,005930,2026-07-29,31.5700,3.2600,6605.0000,63997.0000,1218949089768000,5846278608,PYKRX
KOSPI,005930,2026-07-30,31.3400,3.2300,6605.0000,63997.0000,1210179671856000,5846278608,PYKRX
KOSPI,005930,2026-07-31,39.7400,4.1000,6605.0000,63997.0000,1534648134600000,5846278608,PYKRX
KOSPI,005930,2026-08-03,36.2600,3.7400,6605.0000,63997.0000,1400183726616000,5846278608,PYKRX
KOSPI,005930,2026-08-04,36.3400,3.7500,6605.0000,63997.0000,1403106865920000,5846278608,PYKRX
KOSPI,005930,2026-08-05,37.2400,3.8400,6605.0000,63997.0000,1438184537568000,5846278608,PYKRX
KOSPI,005930,2026-08-06,34.9000,3.6000,6605.0000,63997.0000,1347567219144000,5846278608,PYKRX
KOSPI,005930,2026-08-07,34.9700,3.6100,6605.0000,63997.0000,1350490358448000,5846278608,PYKRX
KOSPI,005930,2026-08-10,34.8200,3.5900,6605.0000,63997.0000,1344644079840000,5846278608,PYKRX
KOSPI,005930,2026-08-11,36.2600,3.7400,6605.0000,63997.0000,1400183726616000,5846278608,PYKRX
KOSPI,005930,2026-08-12,38.6800,3.9900,6605.0000,63997.0000,1493724184344000,5846278608,PYKRX
KOSPI,005930,2026-08-13,40.5800,4.1900,6605.0000,63997.0000,1566802666944000,5846278608,PYKRX
KOSPI,005930,2026-08-14,41.5600,4.2900,6605.0000,63997.0000,1604803477896000,5846278608,PYKRX
KOSPI,005930,2026-08-18,40.6500,4.2000,6605.0000,63997.0000,1569725806248000,5846278608,PYKRX
KOSPI,005930,2026-08-19,37.4700,3.8700,6605.0000,63997.0000,1446953955480000,5846278608,PYKRX
KOSPI,005930,2026-08-20,41.0300,4.2300,6605.0000,63997.0000,1584341502768000,5846278608,PYKRX
KOSPI,005930,2026-08-21,42.6200,4.4000,6605.0000,63997.0000,1645727428152000,5846278608,PYKRX
KOSPI,005930,2026-08-24,38.9100,4.0200,6605.0000,63997.0000,1502493602256000,5846278608,PYKRX
KOSPI,005930,2026-08-25,38.9100,4.0200,6605.0000,63997.0000,1502493602256000,5846278608,PYKRX
KOSPI,005930,2026-08-26,39.5900,4.0900,6605.0000,63997.0000,1528801855992000,5846278608,PYKRX
KOSPI,005930,2026-08-27,40.2700,4.1600,6605.0000,63997.0000,1555110109728000,5846278608,PYKRX
KOSPI,005930,2026-08-28,38.9100,4.0200,6605.0000,63997.0000,1502493602256000,5846278608,PYKRX
KOSPI,005930,2026-08-31,39.3600,4.0600,6605.0000,63997.0000,1520032438080000,5846278608,PYKRX
KOSPI,005930,2026-09-01,39.5200,4.0800,6605.0000,63997.0000,1525878716688000,5846278608,PYKRX
KOSPI,005930,2026-09-02,37.9300,3.9100,6605.0000,63997.0000,1464492791304000,5846278608,PYKRX
KOSPI,005930,2026-09-03,37.8500,3.9100,6605.0000,63997.0000,1461569652000000,5846278608,PYKRX
KOSPI,005930,2026-09-04,38.6800,3.9900,6605.0000,63997.0000,1493724184344000,5846278608,PYKRX
KOSPI,005930,2026-09-07,40.8800,4.2200,6605.0000,63997.0000,1578495224160000,5846278608,PYKRX
KOSPI,005930,2026-09-08,40.8000,4.2100,6605.0000,63997.0000,1575572084856000,5846278608,PYKRX
KOSPI,005930,2026-09-09,40.8000,4.2100,6605.0000,63997.0000,1575572084856000,5846278608,PYKRX
KOSPI,005930,2026-09-10,40.7300,4.2000,6605.0000,63997.0000,1572648945552000,5846278608,PYKRX
KOSPI,005930,2026-09-11,39.2900,4.0500,6605.0000,63997.0000,1517109298776000,5846278608,PYKRX
KOSPI,005930,2026-09-14,37.7000,3.8900,6605.0000,63997.0000,1455723373392000,5846278608,PYKRX
KOSPI,005930,2026-09-15,37.6200,3.8800,6605.0000,63997.0000,1452800234088000,5846278608,PYKRX
KOSPI,005930,2026-09-16,38.3800,3.9600,6605.0000,63997.0000,1482031627128000,5846278608,PYKRX
KOSPI,005930,2026-09-17,38.2300,3.9500,6605.0000,63997.0000,1476185348520000,5846278608,PYKRX
KOSPI,005930,2026-09-18,39.5200,4.0800,6605.0000,63997.0000,1525878716688000,5846278608,PYKRX
KOSPI,005930,2026-09-21,41.4800,4.2800,6605.0000,63997.0000,1601880338592000,5846278608,PYKRX
KOSPI,005930,2026-09-22,41.8600,4.3200,6605.0000,63997.0000,1616496035112000,5846278608,PYKRX
KOSPI,005930,2026-09-23,43.2200,4.4600,6605.0000,63997.0000,1669112542584000,5846278608,PYKRX
KOSPI,005930,2026-09-28,40.8800,4.2200,6605.0000,63997.0000,1578495224160000,5846278608,PYKRX
KOSPI,005930,2026-09-29,41.2600,4.2600,6605.0000,63997.0000,1593110920680000,5846278608,PYKRX
KOSPI,005930,2026-09-30,40.6500,4.2000,6605.0000,63997.0000,1569725806248000,5846278608,PYKRX
KOSPI,005930,2026-10-01,41.7900,4.3100,6605.0000,63997.0000,1613572895808000,5846278608,PYKRX
KOSPI,005930,2026-10-02,41.7900,4.3100,6605.0000,63997.0000,1613572895808000,5846278608,PYKRX
KOSPI,005930,2026-10-06,41.1800,4.2500,6605.0000,63997.0000,1590187781376000,5846278608,PYKRX
NASDAQ,AAPL,2026-10-05,38.1755,45.2296,8.7200,7.3600,4858257080320,14594180000,YFINANCE
NASDAQ,NVDA,2026-10-05,30.2023,25.1924,7.9100,9.4830,5768717795328,24147000000,YFINANCE
